cd verus-mimalloc && VERUS_PATH=verus ./verify.sh
warning: #[verus_spec] is likely used inside a verus! block.
                     Consider move it out of verus! or remove #[verus_spec].
   --> init.rs:113:1
    |
113 | #[verus_verify]
    | ^^^^^^^^^^^^^^^
    |
    = note: this warning originates in the attribute macro `verus_spec` (in Nightly builds, run with -Z macro-backtrace for more info)

warning: #[verus_spec] is likely used inside a verus! block.
                     Consider move it out of verus! or remove #[verus_spec].
   --> init.rs:284:9
    |
284 |         reveal(Global::wf);
    |         ^^^^^^
    |
    = note: this warning originates in the attribute macro `verus_spec` (in Nightly builds, run with -Z macro-backtrace for more info)

warning: #[verus_spec] is likely used inside a verus! block.
                     Consider move it out of verus! or remove #[verus_spec].
   --> init.rs:295:9
    |
295 |         reveal(HeapSharedAccess::wf2);
    |         ^^^^^^
    |
    = note: this warning originates in the attribute macro `verus_spec` (in Nightly builds, run with -Z macro-backtrace for more info)

warning: #[verus_spec] is likely used inside a verus! block.
                     Consider move it out of verus! or remove #[verus_spec].
   --> init.rs:296:9
    |
296 |         reveal(HeapSharedAccess::wf);
    |         ^^^^^^
    |
    = note: this warning originates in the attribute macro `verus_spec` (in Nightly builds, run with -Z macro-backtrace for more info)

warning: #[verus_spec] is likely used inside a verus! block.
                     Consider move it out of verus! or remove #[verus_spec].
   --> init.rs:297:9
    |
297 |         reveal(Heap::wf);
    |         ^^^^^^
    |
    = note: this warning originates in the attribute macro `verus_spec` (in Nightly builds, run with -Z macro-backtrace for more info)

warning: #[verus_spec] is likely used inside a verus! block.
                     Consider move it out of verus! or remove #[verus_spec].
   --> init.rs:298:9
    |
298 |         reveal(TldPtr::wf);
    |         ^^^^^^
    |
    = note: this warning originates in the attribute macro `verus_spec` (in Nightly builds, run with -Z macro-backtrace for more info)

warning: #[verus_spec] is likely used inside a verus! block.
                     Consider move it out of verus! or remove #[verus_spec].
   --> init.rs:299:9
    |
299 |         reveal(is_heap_ptr);
    |         ^^^^^^
    |
    = note: this warning originates in the attribute macro `verus_spec` (in Nightly builds, run with -Z macro-backtrace for more info)

warning: #[verus_spec] is likely used inside a verus! block.
                     Consider move it out of verus! or remove #[verus_spec].
   --> init.rs:300:9
    |
300 |         reveal(is_tld_ptr);
    |         ^^^^^^
    |
    = note: this warning originates in the attribute macro `verus_spec` (in Nightly builds, run with -Z macro-backtrace for more info)

warning: #[verus_spec] is likely used inside a verus! block.
                     Consider move it out of verus! or remove #[verus_spec].
   --> init.rs:360:9
    |
360 |         reveal(Local::wf);
    |         ^^^^^^
    |
    = note: this warning originates in the attribute macro `verus_spec` (in Nightly builds, run with -Z macro-backtrace for more info)

warning: #[verus_spec] is likely used inside a verus! block.
                     Consider move it out of verus! or remove #[verus_spec].
   --> init.rs:361:9
    |
361 |         reveal(Local::wf_main);
    |         ^^^^^^
    |
    = note: this warning originates in the attribute macro `verus_spec` (in Nightly builds, run with -Z macro-backtrace for more info)

warning: #[verus_spec] is likely used inside a verus! block.
                     Consider move it out of verus! or remove #[verus_spec].
   --> init.rs:362:9
    |
362 |         reveal(Local::page_organization_valid);
    |         ^^^^^^
    |
    = note: this warning originates in the attribute macro `verus_spec` (in Nightly builds, run with -Z macro-backtrace for more info)

warning: #[verus_spec] is likely used inside a verus! block.
                     Consider move it out of verus! or remove #[verus_spec].
   --> init.rs:363:9
    |
363 |         reveal(HeapPtr::wf);
    |         ^^^^^^
    |
    = note: this warning originates in the attribute macro `verus_spec` (in Nightly builds, run with -Z macro-backtrace for more info)

warning: #[verus_spec] is likely used inside a verus! block.
                     Consider move it out of verus! or remove #[verus_spec].
   --> init.rs:364:9
    |
364 |         reveal(HeapPtr::is_in);
    |         ^^^^^^
    |
    = note: this warning originates in the attribute macro `verus_spec` (in Nightly builds, run with -Z macro-backtrace for more info)

warning: #[verus_spec] is likely used inside a verus! block.
                     Consider move it out of verus! or remove #[verus_spec].
   --> init.rs:365:9
    |
365 |         reveal(HeapSharedAccess::wf2);
    |         ^^^^^^
    |
    = note: this warning originates in the attribute macro `verus_spec` (in Nightly builds, run with -Z macro-backtrace for more info)

warning: #[verus_spec] is likely used inside a verus! block.
                     Consider move it out of verus! or remove #[verus_spec].
   --> init.rs:366:9
    |
366 |         reveal(HeapSharedAccess::wf);
    |         ^^^^^^
    |
    = note: this warning originates in the attribute macro `verus_spec` (in Nightly builds, run with -Z macro-backtrace for more info)

warning: #[verus_spec] is likely used inside a verus! block.
                     Consider move it out of verus! or remove #[verus_spec].
   --> init.rs:367:9
    |
367 |         reveal(Heap::wf);
    |         ^^^^^^
    |
    = note: this warning originates in the attribute macro `verus_spec` (in Nightly builds, run with -Z macro-backtrace for more info)

warning: #[verus_spec] is likely used inside a verus! block.
                     Consider move it out of verus! or remove #[verus_spec].
   --> init.rs:372:9
    |
372 |         reveal(HeapLocalAccess::wf);
    |         ^^^^^^
    |
    = note: this warning originates in the attribute macro `verus_spec` (in Nightly builds, run with -Z macro-backtrace for more info)

warning: #[verus_spec] is likely used inside a verus! block.
                     Consider move it out of verus! or remove #[verus_spec].
   --> init.rs:373:9
    |
373 |         reveal(HeapLocalAccess::wf_basic);
    |         ^^^^^^
    |
    = note: this warning originates in the attribute macro `verus_spec` (in Nightly builds, run with -Z macro-backtrace for more info)

warning: #[verus_spec] is likely used inside a verus! block.
                     Consider move it out of verus! or remove #[verus_spec].
   --> init.rs:374:9
    |
374 |         reveal(pages_free_direct_is_correct);
    |         ^^^^^^
    |
    = note: this warning originates in the attribute macro `verus_spec` (in Nightly builds, run with -Z macro-backtrace for more info)

warning: #[verus_spec] is likely used inside a verus! block.
                     Consider move it out of verus! or remove #[verus_spec].
   --> init.rs:375:9
    |
375 |         reveal(pages_free_direct_match);
    |         ^^^^^^
    |
    = note: this warning originates in the attribute macro `verus_spec` (in Nightly builds, run with -Z macro-backtrace for more info)

warning: #[verus_spec] is likely used inside a verus! block.
                     Consider move it out of verus! or remove #[verus_spec].
   --> init.rs:429:5
    |
429 |     #[verus_verify]
    |     ^^^^^^^^^^^^^^^
    |
    = note: this warning originates in the attribute macro `verus_spec` (in Nightly builds, run with -Z macro-backtrace for more info)

warning: #[verus_spec] is likely used inside a verus! block.
                     Consider move it out of verus! or remove #[verus_spec].
   --> init.rs:473:1
    |
473 | #[verus_verify]
    | ^^^^^^^^^^^^^^^
    |
    = note: this warning originates in the attribute macro `verus_spec` (in Nightly builds, run with -Z macro-backtrace for more info)

warning: #[verus_spec] is likely used inside a verus! block.
                     Consider move it out of verus! or remove #[verus_spec].
   --> init.rs:573:9
    |
573 |         reveal(size_of_bin);
    |         ^^^^^^
    |
    = note: this warning originates in the attribute macro `verus_spec` (in Nightly builds, run with -Z macro-backtrace for more info)

warning: #[verus_spec] is likely used inside a verus! block.
                     Consider move it out of verus! or remove #[verus_spec].
   --> init.rs:880:1
    |
880 | #[verus_verify]
    | ^^^^^^^^^^^^^^^
    |
    = note: this warning originates in the attribute macro `verus_spec` (in Nightly builds, run with -Z macro-backtrace for more info)

warning: #[verus_spec] is likely used inside a verus! block.
                     Consider move it out of verus! or remove #[verus_spec].
    --> init.rs:1019:1
     |
1019 | #[verus_verify]
     | ^^^^^^^^^^^^^^^
     |
     = note: this warning originates in the attribute macro `verus_spec` (in Nightly builds, run with -Z macro-backtrace for more info)

warning: #[verus_spec] is likely used inside a verus! block.
                     Consider move it out of verus! or remove #[verus_spec].
    --> init.rs:1061:1
     |
1061 | #[verus_verify]
     | ^^^^^^^^^^^^^^^
     |
     = note: this warning originates in the attribute macro `verus_spec` (in Nightly builds, run with -Z macro-backtrace for more info)

warning: #[verus_spec] is likely used inside a verus! block.
                     Consider move it out of verus! or remove #[verus_spec].
    --> init.rs:1212:1
     |
1212 | #[verus_verify]
     | ^^^^^^^^^^^^^^^
     |
     = note: this warning originates in the attribute macro `verus_spec` (in Nightly builds, run with -Z macro-backtrace for more info)

warning: #[verus_spec] is likely used inside a verus! block.
                     Consider move it out of verus! or remove #[verus_spec].
    --> init.rs:1291:9
     |
1291 |         reveal(EmptyPageStuff::wf);
     |         ^^^^^^
     |
     = note: this warning originates in the attribute macro `verus_spec` (in Nightly builds, run with -Z macro-backtrace for more info)

warning: #[verus_spec] is likely used inside a verus! block.
                     Consider move it out of verus! or remove #[verus_spec].
    --> init.rs:1346:1
     |
1346 | #[verus_verify]
     | ^^^^^^^^^^^^^^^
     |
     = note: this warning originates in the attribute macro `verus_spec` (in Nightly builds, run with -Z macro-backtrace for more info)

warning: #[verus_spec] is likely used inside a verus! block.
                     Consider move it out of verus! or remove #[verus_spec].
    --> init.rs:1353:1
     |
1353 | #[verus_verify]
     | ^^^^^^^^^^^^^^^
     |
     = note: this warning originates in the attribute macro `verus_spec` (in Nightly builds, run with -Z macro-backtrace for more info)

warning: #[verus_spec] is likely used inside a verus! block.
                     Consider move it out of verus! or remove #[verus_spec].
    --> queues.rs:1206:1
     |
1206 | #[verus_verify]
     | ^^^^^^^^^^^^^^^
     |
     = note: this warning originates in the attribute macro `verus_spec` (in Nightly builds, run with -Z macro-backtrace for more info)

warning: #[verus_spec] is likely used inside a verus! block.
                     Consider move it out of verus! or remove #[verus_spec].
    --> queues.rs:1322:21
     |
1322 |                     reveal(pages_free_direct_match);
     |                     ^^^^^^
     |
     = note: this warning originates in the attribute macro `verus_spec` (in Nightly builds, run with -Z macro-backtrace for more info)

warning: #[verus_spec] is likely used inside a verus! block.
                     Consider move it out of verus! or remove #[verus_spec].
    --> queues.rs:1371:21
     |
1371 |                     reveal(size_of_bin);
     |                     ^^^^^^
     |
     = note: this warning originates in the attribute macro `verus_spec` (in Nightly builds, run with -Z macro-backtrace for more info)

warning: #[verus_spec] is likely used inside a verus! block.
                     Consider move it out of verus! or remove #[verus_spec].
    --> queues.rs:1400:13
     |
1400 |             reveal(pages_free_direct_match);
     |             ^^^^^^
     |
     = note: this warning originates in the attribute macro `verus_spec` (in Nightly builds, run with -Z macro-backtrace for more info)

warning: #[verus_spec] is likely used inside a verus! block.
                     Consider move it out of verus! or remove #[verus_spec].
  --> queues.rs:27:1
   |
27 | #[verus_verify]
   | ^^^^^^^^^^^^^^^
   |
   = note: this warning originates in the attribute macro `verus_spec` (in Nightly builds, run with -Z macro-backtrace for more info)

warning: #[verus_spec] is likely used inside a verus! block.
                     Consider move it out of verus! or remove #[verus_spec].
  --> queues.rs:72:9
   |
72 |         reveal(PageOrg::State::valid_used_page);
   |         ^^^^^^
   |
   = note: this warning originates in the attribute macro `verus_spec` (in Nightly builds, run with -Z macro-backtrace for more info)

warning: #[verus_spec] is likely used inside a verus! block.
                     Consider move it out of verus! or remove #[verus_spec].
  --> queues.rs:73:9
   |
73 |         reveal(PageOrg::State::ll_basics);
   |         ^^^^^^
   |
   = note: this warning originates in the attribute macro `verus_spec` (in Nightly builds, run with -Z macro-backtrace for more info)

warning: #[verus_spec] is likely used inside a verus! block.
                     Consider move it out of verus! or remove #[verus_spec].
   --> queues.rs:156:17
    |
156 |                 reveal(PageOrg::State::valid_used_page);
    |                 ^^^^^^
    |
    = note: this warning originates in the attribute macro `verus_spec` (in Nightly builds, run with -Z macro-backtrace for more info)

warning: #[verus_spec] is likely used inside a verus! block.
                     Consider move it out of verus! or remove #[verus_spec].
   --> queues.rs:169:9
    |
169 |         reveal(Local::page_organization_valid);
    |         ^^^^^^
    |
    = note: this warning originates in the attribute macro `verus_spec` (in Nightly builds, run with -Z macro-backtrace for more info)

warning: #[verus_spec] is likely used inside a verus! block.
                     Consider move it out of verus! or remove #[verus_spec].
   --> queues.rs:201:9
    |
201 |         reveal(Local::wf_main_for_page_access);
    |         ^^^^^^
    |
    = note: this warning originates in the attribute macro `verus_spec` (in Nightly builds, run with -Z macro-backtrace for more info)

warning: #[verus_spec] is likely used inside a verus! block.
                     Consider move it out of verus! or remove #[verus_spec].
   --> queues.rs:203:9
    |
203 |         reveal(Local::wf);
    |         ^^^^^^
    |
    = note: this warning originates in the attribute macro `verus_spec` (in Nightly builds, run with -Z macro-backtrace for more info)

warning: #[verus_spec] is likely used inside a verus! block.
                     Consider move it out of verus! or remove #[verus_spec].
   --> queues.rs:204:9
    |
204 |         reveal(Local::wf_main);
    |         ^^^^^^
    |
    = note: this warning originates in the attribute macro `verus_spec` (in Nightly builds, run with -Z macro-backtrace for more info)

warning: #[verus_spec] is likely used inside a verus! block.
                     Consider move it out of verus! or remove #[verus_spec].
   --> queues.rs:205:9
    |
205 |         reveal(HeapLocalAccess::wf);
    |         ^^^^^^
    |
    = note: this warning originates in the attribute macro `verus_spec` (in Nightly builds, run with -Z macro-backtrace for more info)

warning: #[verus_spec] is likely used inside a verus! block.
                     Consider move it out of verus! or remove #[verus_spec].
   --> queues.rs:206:9
    |
206 |         reveal(pages_free_direct_is_correct);
    |         ^^^^^^
    |
    = note: this warning originates in the attribute macro `verus_spec` (in Nightly builds, run with -Z macro-backtrace for more info)

warning: #[verus_spec] is likely used inside a verus! block.
                     Consider move it out of verus! or remove #[verus_spec].
   --> queues.rs:207:9
    |
207 |         reveal(pages_free_direct_match);
    |         ^^^^^^
    |
    = note: this warning originates in the attribute macro `verus_spec` (in Nightly builds, run with -Z macro-backtrace for more info)

warning: #[verus_spec] is likely used inside a verus! block.
                     Consider move it out of verus! or remove #[verus_spec].
   --> queues.rs:290:29
    |
290 | ...                   reveal(pages_free_direct_match);
    |                       ^^^^^^
    |
    = note: this warning originates in the attribute macro `verus_spec` (in Nightly builds, run with -Z macro-backtrace for more info)

warning: #[verus_spec] is likely used inside a verus! block.
                     Consider move it out of verus! or remove #[verus_spec].
   --> queues.rs:373:17
    |
373 |                 reveal(Local::is_used_primary);
    |                 ^^^^^^
    |
    = note: this warning originates in the attribute macro `verus_spec` (in Nightly builds, run with -Z macro-backtrace for more info)

warning: #[verus_spec] is likely used inside a verus! block.
                     Consider move it out of verus! or remove #[verus_spec].
   --> queues.rs:416:1
    |
416 | #[verus_verify]
    | ^^^^^^^^^^^^^^^
    |
    = note: this warning originates in the attribute macro `verus_spec` (in Nightly builds, run with -Z macro-backtrace for more info)

warning: #[verus_spec] is likely used inside a verus! block.
                     Consider move it out of verus! or remove #[verus_spec].
   --> queues.rs:452:9
    |
452 |         reveal(PageOrg::State::ll_basics);
    |         ^^^^^^
    |
    = note: this warning originates in the attribute macro `verus_spec` (in Nightly builds, run with -Z macro-backtrace for more info)

warning: #[verus_spec] is likely used inside a verus! block.
                     Consider move it out of verus! or remove #[verus_spec].
   --> queues.rs:453:9
    |
453 |         reveal(PageOrg::State::inv_used);
    |         ^^^^^^
    |
    = note: this warning originates in the attribute macro `verus_spec` (in Nightly builds, run with -Z macro-backtrace for more info)

warning: #[verus_spec] is likely used inside a verus! block.
                     Consider move it out of verus! or remove #[verus_spec].
   --> queues.rs:507:9
    |
507 |         reveal(Local::page_organization_valid);
    |         ^^^^^^
    |
    = note: this warning originates in the attribute macro `verus_spec` (in Nightly builds, run with -Z macro-backtrace for more info)

warning: #[verus_spec] is likely used inside a verus! block.
                     Consider move it out of verus! or remove #[verus_spec].
   --> queues.rs:534:9
    |
534 |         reveal(Local::wf);
    |         ^^^^^^
    |
    = note: this warning originates in the attribute macro `verus_spec` (in Nightly builds, run with -Z macro-backtrace for more info)

warning: #[verus_spec] is likely used inside a verus! block.
                     Consider move it out of verus! or remove #[verus_spec].
   --> queues.rs:535:9
    |
535 |         reveal(Local::wf_main);
    |         ^^^^^^
    |
    = note: this warning originates in the attribute macro `verus_spec` (in Nightly builds, run with -Z macro-backtrace for more info)

warning: #[verus_spec] is likely used inside a verus! block.
                     Consider move it out of verus! or remove #[verus_spec].
   --> queues.rs:536:9
    |
536 |         reveal(HeapLocalAccess::wf);
    |         ^^^^^^
    |
    = note: this warning originates in the attribute macro `verus_spec` (in Nightly builds, run with -Z macro-backtrace for more info)

warning: #[verus_spec] is likely used inside a verus! block.
                     Consider move it out of verus! or remove #[verus_spec].
   --> queues.rs:537:9
    |
537 |         reveal(pages_free_direct_is_correct);
    |         ^^^^^^
    |
    = note: this warning originates in the attribute macro `verus_spec` (in Nightly builds, run with -Z macro-backtrace for more info)

warning: #[verus_spec] is likely used inside a verus! block.
                     Consider move it out of verus! or remove #[verus_spec].
   --> queues.rs:538:9
    |
538 |         reveal(pages_free_direct_match);
    |         ^^^^^^
    |
    = note: this warning originates in the attribute macro `verus_spec` (in Nightly builds, run with -Z macro-backtrace for more info)

warning: #[verus_spec] is likely used inside a verus! block.
                     Consider move it out of verus! or remove #[verus_spec].
   --> queues.rs:691:17
    |
691 |                 reveal(Local::is_used_primary);
    |                 ^^^^^^
    |
    = note: this warning originates in the attribute macro `verus_spec` (in Nightly builds, run with -Z macro-backtrace for more info)

warning: #[verus_spec] is likely used inside a verus! block.
                     Consider move it out of verus! or remove #[verus_spec].
    --> page.rs:1816:1
     |
1816 | #[verus_verify]
     | ^^^^^^^^^^^^^^^
     |
     = note: this warning originates in the attribute macro `verus_spec` (in Nightly builds, run with -Z macro-backtrace for more info)

warning: #[verus_spec] is likely used inside a verus! block.
                     Consider move it out of verus! or remove #[verus_spec].
    --> page.rs:1544:1
     |
1544 | #[verus_verify]
     | ^^^^^^^^^^^^^^^
     |
     = note: this warning originates in the attribute macro `verus_spec` (in Nightly builds, run with -Z macro-backtrace for more info)

warning: #[verus_spec] is likely used inside a verus! block.
                     Consider move it out of verus! or remove #[verus_spec].
    --> page.rs:1352:1
     |
1352 | #[verus_verify]
     | ^^^^^^^^^^^^^^^
     |
     = note: this warning originates in the attribute macro `verus_spec` (in Nightly builds, run with -Z macro-backtrace for more info)

warning: #[verus_spec] is likely used inside a verus! block.
                     Consider move it out of verus! or remove #[verus_spec].
    --> page.rs:1280:1
     |
1280 | #[verus_verify]
     | ^^^^^^^^^^^^^^^
     |
     = note: this warning originates in the attribute macro `verus_spec` (in Nightly builds, run with -Z macro-backtrace for more info)

warning: #[verus_spec] is likely used inside a verus! block.
                     Consider move it out of verus! or remove #[verus_spec].
  --> os_alloc.rs:71:1
   |
71 | #[verus_verify]
   | ^^^^^^^^^^^^^^^
   |
   = note: this warning originates in the attribute macro `verus_spec` (in Nightly builds, run with -Z macro-backtrace for more info)

warning: #[verus_spec] is likely used inside a verus! block.
                     Consider move it out of verus! or remove #[verus_spec].
   --> os_alloc.rs:409:1
    |
409 | #[verus_verify]
    | ^^^^^^^^^^^^^^^
    |
    = note: this warning originates in the attribute macro `verus_spec` (in Nightly builds, run with -Z macro-backtrace for more info)

warning: #[verus_spec] is likely used inside a verus! block.
                     Consider move it out of verus! or remove #[verus_spec].
   --> os_alloc.rs:468:1
    |
468 | #[verus_verify]
    | ^^^^^^^^^^^^^^^
    |
    = note: this warning originates in the attribute macro `verus_spec` (in Nightly builds, run with -Z macro-backtrace for more info)

warning: #[verus_spec] is likely used inside a verus! block.
                     Consider move it out of verus! or remove #[verus_spec].
   --> os_alloc.rs:475:1
    |
475 | #[verus_verify]
    | ^^^^^^^^^^^^^^^
    |
    = note: this warning originates in the attribute macro `verus_spec` (in Nightly builds, run with -Z macro-backtrace for more info)

warning: #[verus_spec] is likely used inside a verus! block.
                     Consider move it out of verus! or remove #[verus_spec].
   --> os_alloc.rs:485:1
    |
485 | #[verus_verify]
    | ^^^^^^^^^^^^^^^
    |
    = note: this warning originates in the attribute macro `verus_spec` (in Nightly builds, run with -Z macro-backtrace for more info)

warning: #[verus_spec] is likely used inside a verus! block.
                     Consider move it out of verus! or remove #[verus_spec].
   --> os_commit.rs:182:1
    |
182 | #[verus_verify]
    | ^^^^^^^^^^^^^^^
    |
    = note: this warning originates in the attribute macro `verus_spec` (in Nightly builds, run with -Z macro-backtrace for more info)

warning: #[verus_spec] is likely used inside a verus! block.
                     Consider move it out of verus! or remove #[verus_spec].
   --> commit_segment.rs:564:1
    |
564 | #[verus_verify]
    | ^^^^^^^^^^^^^^^
    |
    = note: this warning originates in the attribute macro `verus_spec` (in Nightly builds, run with -Z macro-backtrace for more info)

warning: #[verus_spec] is likely used inside a verus! block.
                     Consider move it out of verus! or remove #[verus_spec].
   --> commit_segment.rs:586:1
    |
586 | #[verus_verify]
    | ^^^^^^^^^^^^^^^
    |
    = note: this warning originates in the attribute macro `verus_spec` (in Nightly builds, run with -Z macro-backtrace for more info)

warning: #[verus_spec] is likely used inside a verus! block.
                     Consider move it out of verus! or remove #[verus_spec].
   --> commit_segment.rs:969:1
    |
969 | #[verus_verify]
    | ^^^^^^^^^^^^^^^
    |
    = note: this warning originates in the attribute macro `verus_spec` (in Nightly builds, run with -Z macro-backtrace for more info)

warning: #[verus_spec] is likely used inside a verus! block.
                     Consider move it out of verus! or remove #[verus_spec].
    --> commit_segment.rs:1930:1
     |
1930 | #[verus_verify]
     | ^^^^^^^^^^^^^^^
     |
     = note: this warning originates in the attribute macro `verus_spec` (in Nightly builds, run with -Z macro-backtrace for more info)

warning: #[verus_spec] is likely used inside a verus! block.
                     Consider move it out of verus! or remove #[verus_spec].
   --> segment.rs:392:1
    |
392 | #[verus_verify]
    | ^^^^^^^^^^^^^^^
    |
    = note: this warning originates in the attribute macro `verus_spec` (in Nightly builds, run with -Z macro-backtrace for more info)

warning: #[verus_spec] is likely used inside a verus! block.
                     Consider move it out of verus! or remove #[verus_spec].
   --> segment.rs:429:1
    |
429 | #[verus_verify]
    | ^^^^^^^^^^^^^^^
    |
    = note: this warning originates in the attribute macro `verus_spec` (in Nightly builds, run with -Z macro-backtrace for more info)

warning: #[verus_spec] is likely used inside a verus! block.
                     Consider move it out of verus! or remove #[verus_spec].
   --> segment.rs:524:17
    |
524 |                 reveal(PageOrg::State::valid_unused_page);
    |                 ^^^^^^
    |
    = note: this warning originates in the attribute macro `verus_spec` (in Nightly builds, run with -Z macro-backtrace for more info)

warning: #[verus_spec] is likely used inside a verus! block.
                     Consider move it out of verus! or remove #[verus_spec].
   --> segment.rs:533:17
    |
533 |                 reveal(PageOrg::State::valid_unused_page);
    |                 ^^^^^^
    |
    = note: this warning originates in the attribute macro `verus_spec` (in Nightly builds, run with -Z macro-backtrace for more info)

warning: #[verus_spec] is likely used inside a verus! block.
                     Consider move it out of verus! or remove #[verus_spec].
   --> segment.rs:660:1
    |
660 | #[verus_verify]
    | ^^^^^^^^^^^^^^^
    |
    = note: this warning originates in the attribute macro `verus_spec` (in Nightly builds, run with -Z macro-backtrace for more info)

warning: #[verus_spec] is likely used inside a verus! block.
                     Consider move it out of verus! or remove #[verus_spec].
   --> segment.rs:838:13
    |
838 |             reveal(Local::is_used_primary);
    |             ^^^^^^
    |
    = note: this warning originates in the attribute macro `verus_spec` (in Nightly builds, run with -Z macro-backtrace for more info)

warning: #[verus_spec] is likely used inside a verus! block.
                     Consider move it out of verus! or remove #[verus_spec].
   --> segment.rs:859:1
    |
859 | #[verus_verify]
    | ^^^^^^^^^^^^^^^
    |
    = note: this warning originates in the attribute macro `verus_spec` (in Nightly builds, run with -Z macro-backtrace for more info)

warning: #[verus_spec] is likely used inside a verus! block.
                     Consider move it out of verus! or remove #[verus_spec].
   --> segment.rs:963:13
    |
963 |             reveal(PageOrg::State::ll_basics);
    |             ^^^^^^
    |
    = note: this warning originates in the attribute macro `verus_spec` (in Nightly builds, run with -Z macro-backtrace for more info)

warning: #[verus_spec] is likely used inside a verus! block.
                     Consider move it out of verus! or remove #[verus_spec].
   --> segment.rs:964:13
    |
964 |             reveal(PageOrg::State::ll_inv_valid_unused);
    |             ^^^^^^
    |
    = note: this warning originates in the attribute macro `verus_spec` (in Nightly builds, run with -Z macro-backtrace for more info)

warning: #[verus_spec] is likely used inside a verus! block.
                     Consider move it out of verus! or remove #[verus_spec].
   --> segment.rs:965:13
    |
965 |             reveal(PageOrg::State::valid_unused_page);
    |             ^^^^^^
    |
    = note: this warning originates in the attribute macro `verus_spec` (in Nightly builds, run with -Z macro-backtrace for more info)

warning: #[verus_spec] is likely used inside a verus! block.
                     Consider move it out of verus! or remove #[verus_spec].
    --> segment.rs:1162:13
     |
1162 |             reveal(Local::is_used_primary);
     |             ^^^^^^
     |
     = note: this warning originates in the attribute macro `verus_spec` (in Nightly builds, run with -Z macro-backtrace for more info)

warning: #[verus_spec] is likely used inside a verus! block.
                     Consider move it out of verus! or remove #[verus_spec].
    --> segment.rs:1183:1
     |
1183 | #[verus_verify]
     | ^^^^^^^^^^^^^^^
     |
     = note: this warning originates in the attribute macro `verus_spec` (in Nightly builds, run with -Z macro-backtrace for more info)

warning: #[verus_spec] is likely used inside a verus! block.
                     Consider move it out of verus! or remove #[verus_spec].
    --> segment.rs:1242:9
     |
1242 |         reveal(segment_span_allocate_page_org_pre);
     |         ^^^^^^
     |
     = note: this warning originates in the attribute macro `verus_spec` (in Nightly builds, run with -Z macro-backtrace for more info)

warning: #[verus_spec] is likely used inside a verus! block.
                     Consider move it out of verus! or remove #[verus_spec].
    --> segment.rs:1916:13
     |
1916 |             reveal(page_organization_pages_match_data);
     |             ^^^^^^
     |
     = note: this warning originates in the attribute macro `verus_spec` (in Nightly builds, run with -Z macro-backtrace for more info)

warning: #[verus_spec] is likely used inside a verus! block.
                     Consider move it out of verus! or remove #[verus_spec].
    --> segment.rs:3089:1
     |
3089 | #[verus_verify]
     | ^^^^^^^^^^^^^^^
     |
     = note: this warning originates in the attribute macro `verus_spec` (in Nightly builds, run with -Z macro-backtrace for more info)

warning: #[verus_spec] is likely used inside a verus! block.
                     Consider move it out of verus! or remove #[verus_spec].
    --> segment.rs:3167:1
     |
3167 | #[verus_verify]
     | ^^^^^^^^^^^^^^^
     |
     = note: this warning originates in the attribute macro `verus_spec` (in Nightly builds, run with -Z macro-backtrace for more info)

warning: #[verus_spec] is likely used inside a verus! block.
                     Consider move it out of verus! or remove #[verus_spec].
    --> segment.rs:3657:1
     |
3657 | #[verus_verify]
     | ^^^^^^^^^^^^^^^
     |
     = note: this warning originates in the attribute macro `verus_spec` (in Nightly builds, run with -Z macro-backtrace for more info)

warning: #[verus_spec] is likely used inside a verus! block.
                     Consider move it out of verus! or remove #[verus_spec].
    --> segment.rs:3708:1
     |
3708 | #[verus_verify]
     | ^^^^^^^^^^^^^^^
     |
     = note: this warning originates in the attribute macro `verus_spec` (in Nightly builds, run with -Z macro-backtrace for more info)

warning: #[verus_spec] is likely used inside a verus! block.
                     Consider move it out of verus! or remove #[verus_spec].
    --> segment.rs:3756:9
     |
3756 |         reveal(PageOrg::State::page_id_domain);
     |         ^^^^^^
     |
     = note: this warning originates in the attribute macro `verus_spec` (in Nightly builds, run with -Z macro-backtrace for more info)

warning: #[verus_spec] is likely used inside a verus! block.
                     Consider move it out of verus! or remove #[verus_spec].
    --> segment.rs:4113:1
     |
4113 | #[verus_verify]
     | ^^^^^^^^^^^^^^^
     |
     = note: this warning originates in the attribute macro `verus_spec` (in Nightly builds, run with -Z macro-backtrace for more info)

warning: #[verus_spec] is likely used inside a verus! block.
                     Consider move it out of verus! or remove #[verus_spec].
    --> segment.rs:4413:1
     |
4413 | #[verus_verify]
     | ^^^^^^^^^^^^^^^
     |
     = note: this warning originates in the attribute macro `verus_spec` (in Nightly builds, run with -Z macro-backtrace for more info)

warning: #[verus_spec] is likely used inside a verus! block.
                     Consider move it out of verus! or remove #[verus_spec].
   --> free.rs:944:1
    |
944 | #[verus_verify]
    | ^^^^^^^^^^^^^^^
    |
    = note: this warning originates in the attribute macro `verus_spec` (in Nightly builds, run with -Z macro-backtrace for more info)

warning: #[verus_spec] is likely used inside a verus! block.
                     Consider move it out of verus! or remove #[verus_spec].
   --> free.rs:968:9
    |
968 |         reveal(Local::wf);
    |         ^^^^^^
    |
    = note: this warning originates in the attribute macro `verus_spec` (in Nightly builds, run with -Z macro-backtrace for more info)

warning: #[verus_spec] is likely used inside a verus! block.
                     Consider move it out of verus! or remove #[verus_spec].
   --> free.rs:969:9
    |
969 |         reveal(Local::wf_main);
    |         ^^^^^^
    |
    = note: this warning originates in the attribute macro `verus_spec` (in Nightly builds, run with -Z macro-backtrace for more info)

warning: #[verus_spec] is likely used inside a verus! block.
                     Consider move it out of verus! or remove #[verus_spec].
   --> free.rs:970:9
    |
970 |         reveal(MimDeallocInner::wf);
    |         ^^^^^^
    |
    = note: this warning originates in the attribute macro `verus_spec` (in Nightly builds, run with -Z macro-backtrace for more info)

warning: #[verus_spec] is likely used inside a verus! block.
                     Consider move it out of verus! or remove #[verus_spec].
   --> free.rs:971:9
    |
971 |         reveal(valid_block_token);
    |         ^^^^^^
    |
    = note: this warning originates in the attribute macro `verus_spec` (in Nightly builds, run with -Z macro-backtrace for more info)

warning: #[verus_spec] is likely used inside a verus! block.
                     Consider move it out of verus! or remove #[verus_spec].
   --> free.rs:594:1
    |
594 | #[verus_verify]
    | ^^^^^^^^^^^^^^^
    |
    = note: this warning originates in the attribute macro `verus_spec` (in Nightly builds, run with -Z macro-backtrace for more info)

warning: #[verus_spec] is likely used inside a verus! block.
                     Consider move it out of verus! or remove #[verus_spec].
   --> free.rs:662:13
    |
662 |             reveal(MimDeallocInner::wf);
    |             ^^^^^^
    |
    = note: this warning originates in the attribute macro `verus_spec` (in Nightly builds, run with -Z macro-backtrace for more info)

warning: #[verus_spec] is likely used inside a verus! block.
                     Consider move it out of verus! or remove #[verus_spec].
   --> free.rs:663:13
    |
663 |             reveal(valid_block_token);
    |             ^^^^^^
    |
    = note: this warning originates in the attribute macro `verus_spec` (in Nightly builds, run with -Z macro-backtrace for more info)

warning: #[verus_spec] is likely used inside a verus! block.
                     Consider move it out of verus! or remove #[verus_spec].
   --> free.rs:302:1
    |
302 | #[verus_verify]
    | ^^^^^^^^^^^^^^^
    |
    = note: this warning originates in the attribute macro `verus_spec` (in Nightly builds, run with -Z macro-backtrace for more info)

warning: #[verus_spec] is likely used inside a verus! block.
                     Consider move it out of verus! or remove #[verus_spec].
   --> free.rs:272:1
    |
272 | #[verus_verify]
    | ^^^^^^^^^^^^^^^
    |
    = note: this warning originates in the attribute macro `verus_spec` (in Nightly builds, run with -Z macro-backtrace for more info)

warning: #[verus_spec] is likely used inside a verus! block.
                     Consider move it out of verus! or remove #[verus_spec].
   --> free.rs:110:9
    |
110 | verus!{ #[verus_verify]
    |         ^^^^^^^^^^^^^^^
    |
    = note: this warning originates in the attribute macro `verus_spec` (in Nightly builds, run with -Z macro-backtrace for more info)

warning: #[verus_spec] is likely used inside a verus! block.
                     Consider move it out of verus! or remove #[verus_spec].
   --> alloc_generic.rs:595:1
    |
595 | #[verus_verify]
    | ^^^^^^^^^^^^^^^
    |
    = note: this warning originates in the attribute macro `verus_spec` (in Nightly builds, run with -Z macro-backtrace for more info)

warning: #[verus_spec] is likely used inside a verus! block.
                     Consider move it out of verus! or remove #[verus_spec].
  --> alloc_fast.rs:32:1
   |
32 | #[verus_verify]
   | ^^^^^^^^^^^^^^^
   |
   = note: this warning originates in the attribute macro `verus_spec` (in Nightly builds, run with -Z macro-backtrace for more info)

warning: #[verus_spec] is likely used inside a verus! block.
                     Consider move it out of verus! or remove #[verus_spec].
  --> alloc_fast.rs:57:1
   |
57 | #[verus_verify]
   | ^^^^^^^^^^^^^^^
   |
   = note: this warning originates in the attribute macro `verus_spec` (in Nightly builds, run with -Z macro-backtrace for more info)

warning: #[verus_spec] is likely used inside a verus! block.
                     Consider move it out of verus! or remove #[verus_spec].
   --> commit_mask.rs:455:5
    |
455 |     #[verus_verify]
    |     ^^^^^^^^^^^^^^^
    |
    = note: this warning originates in the attribute macro `verus_spec` (in Nightly builds, run with -Z macro-backtrace for more info)

warning: #[verus_spec] is likely used inside a verus! block.
                     Consider move it out of verus! or remove #[verus_spec].
   --> commit_mask.rs:467:5
    |
467 |     #[verus_verify]
    |     ^^^^^^^^^^^^^^^
    |
    = note: this warning originates in the attribute macro `verus_spec` (in Nightly builds, run with -Z macro-backtrace for more info)

warning: #[verus_spec] is likely used inside a verus! block.
                     Consider move it out of verus! or remove #[verus_spec].
   --> commit_mask.rs:515:5
    |
515 |     #[verus_verify]
    |     ^^^^^^^^^^^^^^^
    |
    = note: this warning originates in the attribute macro `verus_spec` (in Nightly builds, run with -Z macro-backtrace for more info)

warning: #[verus_spec] is likely used inside a verus! block.
                     Consider move it out of verus! or remove #[verus_spec].
   --> commit_mask.rs:532:5
    |
532 |     #[verus_verify]
    |     ^^^^^^^^^^^^^^^
    |
    = note: this warning originates in the attribute macro `verus_spec` (in Nightly builds, run with -Z macro-backtrace for more info)

warning: #[verus_spec] is likely used inside a verus! block.
                     Consider move it out of verus! or remove #[verus_spec].
   --> commit_mask.rs:619:5
    |
619 |     #[verus_verify]
    |     ^^^^^^^^^^^^^^^
    |
    = note: this warning originates in the attribute macro `verus_spec` (in Nightly builds, run with -Z macro-backtrace for more info)

warning: #[verus_spec] is likely used inside a verus! block.
                     Consider move it out of verus! or remove #[verus_spec].
   --> commit_mask.rs:664:5
    |
664 |     #[verus_verify]
    |     ^^^^^^^^^^^^^^^
    |
    = note: this warning originates in the attribute macro `verus_spec` (in Nightly builds, run with -Z macro-backtrace for more info)

warning: #[verus_spec] is likely used inside a verus! block.
                     Consider move it out of verus! or remove #[verus_spec].
   --> commit_mask.rs:917:5
    |
917 |     #[verus_verify]
    |     ^^^^^^^^^^^^^^^
    |
    = note: this warning originates in the attribute macro `verus_spec` (in Nightly builds, run with -Z macro-backtrace for more info)

warning: #[verus_spec] is likely used inside a verus! block.
                     Consider move it out of verus! or remove #[verus_spec].
   --> commit_mask.rs:935:5
    |
935 |     #[verus_verify]
    |     ^^^^^^^^^^^^^^^
    |
    = note: this warning originates in the attribute macro `verus_spec` (in Nightly builds, run with -Z macro-backtrace for more info)

warning: #[verus_spec] is likely used inside a verus! block.
                     Consider move it out of verus! or remove #[verus_spec].
   --> commit_mask.rs:983:5
    |
983 |     #[verus_verify]
    |     ^^^^^^^^^^^^^^^
    |
    = note: this warning originates in the attribute macro `verus_spec` (in Nightly builds, run with -Z macro-backtrace for more info)

warning: #[verus_spec] is likely used inside a verus! block.
                     Consider move it out of verus! or remove #[verus_spec].
    --> commit_mask.rs:1328:5
     |
1328 |     #[verus_verify]
     |     ^^^^^^^^^^^^^^^
     |
     = note: this warning originates in the attribute macro `verus_spec` (in Nightly builds, run with -Z macro-backtrace for more info)

warning: #[verus_spec] is likely used inside a verus! block.
                     Consider move it out of verus! or remove #[verus_spec].
    --> commit_mask.rs:1349:5
     |
1349 |     #[verus_verify]
     |     ^^^^^^^^^^^^^^^
     |
     = note: this warning originates in the attribute macro `verus_spec` (in Nightly builds, run with -Z macro-backtrace for more info)

warning: #[verus_spec] is likely used inside a verus! block.
                     Consider move it out of verus! or remove #[verus_spec].
    --> linked_list.rs:3619:1
     |
3619 | #[verus_verify]
     | ^^^^^^^^^^^^^^^
     |
     = note: this warning originates in the attribute macro `verus_spec` (in Nightly builds, run with -Z macro-backtrace for more info)

warning: #[verus_spec] is likely used inside a verus! block.
                     Consider move it out of verus! or remove #[verus_spec].
    --> linked_list.rs:3637:1
     |
3637 | #[verus_verify]
     | ^^^^^^^^^^^^^^^
     |
     = note: this warning originates in the attribute macro `verus_spec` (in Nightly builds, run with -Z macro-backtrace for more info)

warning: #[verus_spec] is likely used inside a verus! block.
                     Consider move it out of verus! or remove #[verus_spec].
    --> linked_list.rs:3655:1
     |
3655 | #[verus_verify]
     | ^^^^^^^^^^^^^^^
     |
     = note: this warning originates in the attribute macro `verus_spec` (in Nightly builds, run with -Z macro-backtrace for more info)

warning: #[verus_spec] is likely used inside a verus! block.
                     Consider move it out of verus! or remove #[verus_spec].
    --> linked_list.rs:3673:1
     |
3673 | #[verus_verify]
     | ^^^^^^^^^^^^^^^
     |
     = note: this warning originates in the attribute macro `verus_spec` (in Nightly builds, run with -Z macro-backtrace for more info)

warning: #[verus_spec] is likely used inside a verus! block.
                     Consider move it out of verus! or remove #[verus_spec].
    --> linked_list.rs:3697:1
     |
3697 | #[verus_verify]
     | ^^^^^^^^^^^^^^^
     |
     = note: this warning originates in the attribute macro `verus_spec` (in Nightly builds, run with -Z macro-backtrace for more info)

warning: #[verus_spec] is likely used inside a verus! block.
                     Consider move it out of verus! or remove #[verus_spec].
    --> linked_list.rs:3718:1
     |
3718 | #[verus_verify]
     | ^^^^^^^^^^^^^^^
     |
     = note: this warning originates in the attribute macro `verus_spec` (in Nightly builds, run with -Z macro-backtrace for more info)

warning: #[verus_spec] is likely used inside a verus! block.
                     Consider move it out of verus! or remove #[verus_spec].
    --> linked_list.rs:1456:5
     |
1456 |     #[verus_verify]
     |     ^^^^^^^^^^^^^^^
     |
     = note: this warning originates in the attribute macro `verus_spec` (in Nightly builds, run with -Z macro-backtrace for more info)

warning: #[verus_spec] is likely used inside a verus! block.
                     Consider move it out of verus! or remove #[verus_spec].
    --> linked_list.rs:1658:5
     |
1658 |     #[verus_verify]
     |     ^^^^^^^^^^^^^^^
     |
     = note: this warning originates in the attribute macro `verus_spec` (in Nightly builds, run with -Z macro-backtrace for more info)

warning: #[verus_spec] is likely used inside a verus! block.
                     Consider move it out of verus! or remove #[verus_spec].
   --> linked_list.rs:397:5
    |
397 |     #[verus_verify]
    |     ^^^^^^^^^^^^^^^
    |
    = note: this warning originates in the attribute macro `verus_spec` (in Nightly builds, run with -Z macro-backtrace for more info)

warning: #[verus_spec] is likely used inside a verus! block.
                     Consider move it out of verus! or remove #[verus_spec].
   --> bin_sizes.rs:747:1
    |
747 | #[verus_verify]
    | ^^^^^^^^^^^^^^^
    |
    = note: this warning originates in the attribute macro `verus_spec` (in Nightly builds, run with -Z macro-backtrace for more info)

warning: #[verus_spec] is likely used inside a verus! block.
                     Consider move it out of verus! or remove #[verus_spec].
   --> bin_sizes.rs:967:1
    |
967 | #[verus_verify]
    | ^^^^^^^^^^^^^^^
    |
    = note: this warning originates in the attribute macro `verus_spec` (in Nightly builds, run with -Z macro-backtrace for more info)

warning: #[verus_spec] is likely used inside a verus! block.
                     Consider move it out of verus! or remove #[verus_spec].
   --> config.rs:119:1
    |
119 | #[verus_verify]
    | ^^^^^^^^^^^^^^^
    |
    = note: this warning originates in the attribute macro `verus_spec` (in Nightly builds, run with -Z macro-backtrace for more info)

warning: #[verus_spec] is likely used inside a verus! block.
                     Consider move it out of verus! or remove #[verus_spec].
   --> config.rs:123:1
    |
123 | #[verus_verify]
    | ^^^^^^^^^^^^^^^
    |
    = note: this warning originates in the attribute macro `verus_spec` (in Nightly builds, run with -Z macro-backtrace for more info)

warning: #[verus_spec] is likely used inside a verus! block.
                     Consider move it out of verus! or remove #[verus_spec].
   --> config.rs:127:1
    |
127 | #[verus_verify]
    | ^^^^^^^^^^^^^^^
    |
    = note: this warning originates in the attribute macro `verus_spec` (in Nightly builds, run with -Z macro-backtrace for more info)

warning: #[verus_spec] is likely used inside a verus! block.
                     Consider move it out of verus! or remove #[verus_spec].
   --> config.rs:131:1
    |
131 | #[verus_verify]
    | ^^^^^^^^^^^^^^^
    |
    = note: this warning originates in the attribute macro `verus_spec` (in Nightly builds, run with -Z macro-backtrace for more info)

warning: #[verus_spec] is likely used inside a verus! block.
                     Consider move it out of verus! or remove #[verus_spec].
   --> config.rs:139:1
    |
139 | #[verus_verify]
    | ^^^^^^^^^^^^^^^
    |
    = note: this warning originates in the attribute macro `verus_spec` (in Nightly builds, run with -Z macro-backtrace for more info)

warning: #[verus_spec] is likely used inside a verus! block.
                     Consider move it out of verus! or remove #[verus_spec].
   --> config.rs:143:1
    |
143 | #[verus_verify]
    | ^^^^^^^^^^^^^^^
    |
    = note: this warning originates in the attribute macro `verus_spec` (in Nightly builds, run with -Z macro-backtrace for more info)

warning: #[verus_spec] is likely used inside a verus! block.
                     Consider move it out of verus! or remove #[verus_spec].
   --> layout.rs:559:1
    |
559 | #[verus_verify]
    | ^^^^^^^^^^^^^^^
    |
    = note: this warning originates in the attribute macro `verus_spec` (in Nightly builds, run with -Z macro-backtrace for more info)

warning: #[verus_spec] is likely used inside a verus! block.
                     Consider move it out of verus! or remove #[verus_spec].
   --> layout.rs:569:9
    |
569 |         reveal(is_block_ptr1);
    |         ^^^^^^
    |
    = note: this warning originates in the attribute macro `verus_spec` (in Nightly builds, run with -Z macro-backtrace for more info)

warning: #[verus_spec] is likely used inside a verus! block.
                     Consider move it out of verus! or remove #[verus_spec].
   --> layout.rs:586:9
    |
586 |         reveal(is_block_ptr1);
    |         ^^^^^^
    |
    = note: this warning originates in the attribute macro `verus_spec` (in Nightly builds, run with -Z macro-backtrace for more info)

warning: #[verus_spec] is likely used inside a verus! block.
                     Consider move it out of verus! or remove #[verus_spec].
   --> layout.rs:668:1
    |
668 | #[verus_verify]
    | ^^^^^^^^^^^^^^^
    |
    = note: this warning originates in the attribute macro `verus_spec` (in Nightly builds, run with -Z macro-backtrace for more info)

warning: #[verus_spec] is likely used inside a verus! block.
                     Consider move it out of verus! or remove #[verus_spec].
   --> layout.rs:679:9
    |
679 |         reveal(is_block_ptr1);
    |         ^^^^^^
    |
    = note: this warning originates in the attribute macro `verus_spec` (in Nightly builds, run with -Z macro-backtrace for more info)

warning: #[verus_spec] is likely used inside a verus! block.
                     Consider move it out of verus! or remove #[verus_spec].
   --> layout.rs:695:9
    |
695 |         reveal(is_block_ptr1);
    |         ^^^^^^
    |
    = note: this warning originates in the attribute macro `verus_spec` (in Nightly builds, run with -Z macro-backtrace for more info)

warning: #[verus_spec] is likely used inside a verus! block.
                     Consider move it out of verus! or remove #[verus_spec].
   --> layout.rs:741:9
    |
741 |         reveal(is_block_ptr1);
    |         ^^^^^^
    |
    = note: this warning originates in the attribute macro `verus_spec` (in Nightly builds, run with -Z macro-backtrace for more info)

warning: #[verus_spec] is likely used inside a verus! block.
                     Consider move it out of verus! or remove #[verus_spec].
   --> layout.rs:784:1
    |
784 | #[verus_verify]
    | ^^^^^^^^^^^^^^^
    |
    = note: this warning originates in the attribute macro `verus_spec` (in Nightly builds, run with -Z macro-backtrace for more info)

warning: #[verus_spec] is likely used inside a verus! block.
                     Consider move it out of verus! or remove #[verus_spec].
   --> layout.rs:864:1
    |
864 | #[verus_verify]
    | ^^^^^^^^^^^^^^^
    |
    = note: this warning originates in the attribute macro `verus_spec` (in Nightly builds, run with -Z macro-backtrace for more info)

warning: #[verus_spec] is likely used inside a verus! block.
                     Consider move it out of verus! or remove #[verus_spec].
   --> layout.rs:881:1
    |
881 | #[verus_verify]
    | ^^^^^^^^^^^^^^^
    |
    = note: this warning originates in the attribute macro `verus_spec` (in Nightly builds, run with -Z macro-backtrace for more info)

warning: #[verus_spec] is likely used inside a verus! block.
                     Consider move it out of verus! or remove #[verus_spec].
   --> layout.rs:981:1
    |
981 | #[verus_verify]
    | ^^^^^^^^^^^^^^^
    |
    = note: this warning originates in the attribute macro `verus_spec` (in Nightly builds, run with -Z macro-backtrace for more info)

warning: #[verus_spec] is likely used inside a verus! block.
                     Consider move it out of verus! or remove #[verus_spec].
    --> layout.rs:1071:9
     |
1071 |         reveal(crate::layout::start_offset);
     |         ^^^^^^
     |
     = note: this warning originates in the attribute macro `verus_spec` (in Nightly builds, run with -Z macro-backtrace for more info)

warning: #[verus_spec] is likely used inside a verus! block.
                     Consider move it out of verus! or remove #[verus_spec].
    --> layout.rs:1110:1
     |
1110 | #[verus_verify]
     | ^^^^^^^^^^^^^^^
     |
     = note: this warning originates in the attribute macro `verus_spec` (in Nightly builds, run with -Z macro-backtrace for more info)

warning: #[verus_spec] is likely used inside a verus! block.
                     Consider move it out of verus! or remove #[verus_spec].
    --> layout.rs:1178:1
     |
1178 | #[verus_verify]
     | ^^^^^^^^^^^^^^^
     |
     = note: this warning originates in the attribute macro `verus_spec` (in Nightly builds, run with -Z macro-backtrace for more info)

warning: #[verus_spec] is likely used inside a verus! block.
                     Consider move it out of verus! or remove #[verus_spec].
    --> layout.rs:1278:5
     |
1278 |     #[verus_verify]
     |     ^^^^^^^^^^^^^^^
     |
     = note: this warning originates in the attribute macro `verus_spec` (in Nightly builds, run with -Z macro-backtrace for more info)

warning: #[verus_spec] is likely used inside a verus! block.
                     Consider move it out of verus! or remove #[verus_spec].
    --> layout.rs:1351:1
     |
1351 | #[verus_verify]
     | ^^^^^^^^^^^^^^^
     |
     = note: this warning originates in the attribute macro `verus_spec` (in Nightly builds, run with -Z macro-backtrace for more info)

warning: #[verus_spec] is likely used inside a verus! block.
                     Consider move it out of verus! or remove #[verus_spec].
    --> layout.rs:1357:9
     |
1357 |         reveal(start_offset);
     |         ^^^^^^
     |
     = note: this warning originates in the attribute macro `verus_spec` (in Nightly builds, run with -Z macro-backtrace for more info)

warning: #[verus_spec] is likely used inside a verus! block.
                     Consider move it out of verus! or remove #[verus_spec].
  --> flags.rs:36:5
   |
36 |     #[verus_verify]
   |     ^^^^^^^^^^^^^^^
   |
   = note: this warning originates in the attribute macro `verus_spec` (in Nightly builds, run with -Z macro-backtrace for more info)

warning: #[verus_spec] is likely used inside a verus! block.
                     Consider move it out of verus! or remove #[verus_spec].
  --> flags.rs:58:5
   |
58 |     #[verus_verify]
   |     ^^^^^^^^^^^^^^^
   |
   = note: this warning originates in the attribute macro `verus_spec` (in Nightly builds, run with -Z macro-backtrace for more info)

warning: #[verus_spec] is likely used inside a verus! block.
                     Consider move it out of verus! or remove #[verus_spec].
  --> flags.rs:88:5
   |
88 |     #[verus_verify]
   |     ^^^^^^^^^^^^^^^
   |
   = note: this warning originates in the attribute macro `verus_spec` (in Nightly builds, run with -Z macro-backtrace for more info)

warning: #[verus_spec] is likely used inside a verus! block.
                     Consider move it out of verus! or remove #[verus_spec].
    --> types.rs:1146:5
     |
1146 |     #[verus_verify]
     |     ^^^^^^^^^^^^^^^
     |
     = note: this warning originates in the attribute macro `verus_spec` (in Nightly builds, run with -Z macro-backtrace for more info)

warning: #[verus_spec] is likely used inside a verus! block.
                     Consider move it out of verus! or remove #[verus_spec].
    --> types.rs:1168:5
     |
1168 |     #[verus_verify]
     |     ^^^^^^^^^^^^^^^
     |
     = note: this warning originates in the attribute macro `verus_spec` (in Nightly builds, run with -Z macro-backtrace for more info)

warning: #[verus_spec] is likely used inside a verus! block.
                     Consider move it out of verus! or remove #[verus_spec].
    --> types.rs:1186:5
     |
1186 |     #[verus_verify]
     |     ^^^^^^^^^^^^^^^
     |
     = note: this warning originates in the attribute macro `verus_spec` (in Nightly builds, run with -Z macro-backtrace for more info)

warning: #[verus_spec] is likely used inside a verus! block.
                     Consider move it out of verus! or remove #[verus_spec].
    --> types.rs:1203:5
     |
1203 |     #[verus_verify]
     |     ^^^^^^^^^^^^^^^
     |
     = note: this warning originates in the attribute macro `verus_spec` (in Nightly builds, run with -Z macro-backtrace for more info)

warning: #[verus_spec] is likely used inside a verus! block.
                     Consider move it out of verus! or remove #[verus_spec].
    --> types.rs:1231:5
     |
1231 |     #[verus_verify]
     |     ^^^^^^^^^^^^^^^
     |
     = note: this warning originates in the attribute macro `verus_spec` (in Nightly builds, run with -Z macro-backtrace for more info)

warning: #[verus_spec] is likely used inside a verus! block.
                     Consider move it out of verus! or remove #[verus_spec].
    --> types.rs:1248:5
     |
1248 |     #[verus_verify]
     |     ^^^^^^^^^^^^^^^
     |
     = note: this warning originates in the attribute macro `verus_spec` (in Nightly builds, run with -Z macro-backtrace for more info)

warning: #[verus_spec] is likely used inside a verus! block.
                     Consider move it out of verus! or remove #[verus_spec].
    --> types.rs:1276:5
     |
1276 |     #[verus_verify]
     |     ^^^^^^^^^^^^^^^
     |
     = note: this warning originates in the attribute macro `verus_spec` (in Nightly builds, run with -Z macro-backtrace for more info)

warning: #[verus_spec] is likely used inside a verus! block.
                     Consider move it out of verus! or remove #[verus_spec].
    --> types.rs:1293:5
     |
1293 |     #[verus_verify]
     |     ^^^^^^^^^^^^^^^
     |
     = note: this warning originates in the attribute macro `verus_spec` (in Nightly builds, run with -Z macro-backtrace for more info)

warning: #[verus_spec] is likely used inside a verus! block.
                     Consider move it out of verus! or remove #[verus_spec].
    --> types.rs:1321:5
     |
1321 |     #[verus_verify]
     |     ^^^^^^^^^^^^^^^
     |
     = note: this warning originates in the attribute macro `verus_spec` (in Nightly builds, run with -Z macro-backtrace for more info)

warning: #[verus_spec] is likely used inside a verus! block.
                     Consider move it out of verus! or remove #[verus_spec].
    --> types.rs:1339:5
     |
1339 |     #[verus_verify]
     |     ^^^^^^^^^^^^^^^
     |
     = note: this warning originates in the attribute macro `verus_spec` (in Nightly builds, run with -Z macro-backtrace for more info)

warning: #[verus_spec] is likely used inside a verus! block.
                     Consider move it out of verus! or remove #[verus_spec].
    --> types.rs:1352:5
     |
1352 |     #[verus_verify]
     |     ^^^^^^^^^^^^^^^
     |
     = note: this warning originates in the attribute macro `verus_spec` (in Nightly builds, run with -Z macro-backtrace for more info)

warning: #[verus_spec] is likely used inside a verus! block.
                     Consider move it out of verus! or remove #[verus_spec].
    --> types.rs:1420:5
     |
1420 |     #[verus_verify]
     |     ^^^^^^^^^^^^^^^
     |
     = note: this warning originates in the attribute macro `verus_spec` (in Nightly builds, run with -Z macro-backtrace for more info)

warning: #[verus_spec] is likely used inside a verus! block.
                     Consider move it out of verus! or remove #[verus_spec].
    --> types.rs:1437:5
     |
1437 |     #[verus_verify]
     |     ^^^^^^^^^^^^^^^
     |
     = note: this warning originates in the attribute macro `verus_spec` (in Nightly builds, run with -Z macro-backtrace for more info)

warning: #[verus_spec] is likely used inside a verus! block.
                     Consider move it out of verus! or remove #[verus_spec].
    --> types.rs:1473:5
     |
1473 |     #[verus_verify]
     |     ^^^^^^^^^^^^^^^
     |
     = note: this warning originates in the attribute macro `verus_spec` (in Nightly builds, run with -Z macro-backtrace for more info)

warning: #[verus_spec] is likely used inside a verus! block.
                     Consider move it out of verus! or remove #[verus_spec].
    --> types.rs:1515:5
     |
1515 |     #[verus_verify]
     |     ^^^^^^^^^^^^^^^
     |
     = note: this warning originates in the attribute macro `verus_spec` (in Nightly builds, run with -Z macro-backtrace for more info)

warning: #[verus_spec] is likely used inside a verus! block.
                     Consider move it out of verus! or remove #[verus_spec].
    --> types.rs:1524:5
     |
1524 |     #[verus_verify]
     |     ^^^^^^^^^^^^^^^
     |
     = note: this warning originates in the attribute macro `verus_spec` (in Nightly builds, run with -Z macro-backtrace for more info)

warning: #[verus_spec] is likely used inside a verus! block.
                     Consider move it out of verus! or remove #[verus_spec].
    --> types.rs:1535:5
     |
1535 |     #[verus_verify]
     |     ^^^^^^^^^^^^^^^
     |
     = note: this warning originates in the attribute macro `verus_spec` (in Nightly builds, run with -Z macro-backtrace for more info)

warning: #[verus_spec] is likely used inside a verus! block.
                     Consider move it out of verus! or remove #[verus_spec].
    --> types.rs:1650:5
     |
1650 |     #[verus_verify]
     |     ^^^^^^^^^^^^^^^
     |
     = note: this warning originates in the attribute macro `verus_spec` (in Nightly builds, run with -Z macro-backtrace for more info)

warning: #[verus_spec] is likely used inside a verus! block.
                     Consider move it out of verus! or remove #[verus_spec].
    --> types.rs:1727:5
     |
1727 |     #[verus_verify]
     |     ^^^^^^^^^^^^^^^
     |
     = note: this warning originates in the attribute macro `verus_spec` (in Nightly builds, run with -Z macro-backtrace for more info)

warning: #[verus_spec] is likely used inside a verus! block.
                     Consider move it out of verus! or remove #[verus_spec].
    --> types.rs:1760:5
     |
1760 |     #[verus_verify]
     |     ^^^^^^^^^^^^^^^
     |
     = note: this warning originates in the attribute macro `verus_spec` (in Nightly builds, run with -Z macro-backtrace for more info)

warning: #[verus_spec] is likely used inside a verus! block.
                     Consider move it out of verus! or remove #[verus_spec].
    --> types.rs:1789:5
     |
1789 |     #[verus_verify]
     |     ^^^^^^^^^^^^^^^
     |
     = note: this warning originates in the attribute macro `verus_spec` (in Nightly builds, run with -Z macro-backtrace for more info)

warning: #[verus_spec] is likely used inside a verus! block.
                     Consider move it out of verus! or remove #[verus_spec].
    --> types.rs:1818:5
     |
1818 |     #[verus_verify]
     |     ^^^^^^^^^^^^^^^
     |
     = note: this warning originates in the attribute macro `verus_spec` (in Nightly builds, run with -Z macro-backtrace for more info)

warning: #[verus_spec] is likely used inside a verus! block.
                     Consider move it out of verus! or remove #[verus_spec].
    --> types.rs:1831:5
     |
1831 |     #[verus_verify]
     |     ^^^^^^^^^^^^^^^
     |
     = note: this warning originates in the attribute macro `verus_spec` (in Nightly builds, run with -Z macro-backtrace for more info)

warning: #[verus_spec] is likely used inside a verus! block.
                     Consider move it out of verus! or remove #[verus_spec].
    --> types.rs:1844:5
     |
1844 |     #[verus_verify]
     |     ^^^^^^^^^^^^^^^
     |
     = note: this warning originates in the attribute macro `verus_spec` (in Nightly builds, run with -Z macro-backtrace for more info)

warning: #[verus_spec] is likely used inside a verus! block.
                     Consider move it out of verus! or remove #[verus_spec].
    --> types.rs:1858:5
     |
1858 |     #[verus_verify]
     |     ^^^^^^^^^^^^^^^
     |
     = note: this warning originates in the attribute macro `verus_spec` (in Nightly builds, run with -Z macro-backtrace for more info)

warning: #[verus_spec] is likely used inside a verus! block.
                     Consider move it out of verus! or remove #[verus_spec].
    --> types.rs:1871:5
     |
1871 |     #[verus_verify]
     |     ^^^^^^^^^^^^^^^
     |
     = note: this warning originates in the attribute macro `verus_spec` (in Nightly builds, run with -Z macro-backtrace for more info)

warning: #[verus_spec] is likely used inside a verus! block.
                     Consider move it out of verus! or remove #[verus_spec].
    --> types.rs:1884:5
     |
1884 |     #[verus_verify]
     |     ^^^^^^^^^^^^^^^
     |
     = note: this warning originates in the attribute macro `verus_spec` (in Nightly builds, run with -Z macro-backtrace for more info)

warning: #[verus_spec] is likely used inside a verus! block.
                     Consider move it out of verus! or remove #[verus_spec].
    --> types.rs:1897:5
     |
1897 |     #[verus_verify]
     |     ^^^^^^^^^^^^^^^
     |
     = note: this warning originates in the attribute macro `verus_spec` (in Nightly builds, run with -Z macro-backtrace for more info)

warning: #[verus_spec] is likely used inside a verus! block.
                     Consider move it out of verus! or remove #[verus_spec].
    --> types.rs:1923:5
     |
1923 |     #[verus_verify]
     |     ^^^^^^^^^^^^^^^
     |
     = note: this warning originates in the attribute macro `verus_spec` (in Nightly builds, run with -Z macro-backtrace for more info)

warning: #[verus_spec] is likely used inside a verus! block.
                     Consider move it out of verus! or remove #[verus_spec].
    --> types.rs:1936:5
     |
1936 |     #[verus_verify]
     |     ^^^^^^^^^^^^^^^
     |
     = note: this warning originates in the attribute macro `verus_spec` (in Nightly builds, run with -Z macro-backtrace for more info)

warning: #[verus_spec] is likely used inside a verus! block.
                     Consider move it out of verus! or remove #[verus_spec].
    --> types.rs:2003:5
     |
2003 |     #[verus_verify]
     |     ^^^^^^^^^^^^^^^
     |
     = note: this warning originates in the attribute macro `verus_spec` (in Nightly builds, run with -Z macro-backtrace for more info)

warning: #[verus_spec] is likely used inside a verus! block.
                     Consider move it out of verus! or remove #[verus_spec].
    --> types.rs:2014:5
     |
2014 |     #[verus_verify]
     |     ^^^^^^^^^^^^^^^
     |
     = note: this warning originates in the attribute macro `verus_spec` (in Nightly builds, run with -Z macro-backtrace for more info)

warning: #[verus_spec] is likely used inside a verus! block.
                     Consider move it out of verus! or remove #[verus_spec].
    --> types.rs:2022:5
     |
2022 |     #[verus_verify]
     |     ^^^^^^^^^^^^^^^
     |
     = note: this warning originates in the attribute macro `verus_spec` (in Nightly builds, run with -Z macro-backtrace for more info)

warning: #[verus_spec] is likely used inside a verus! block.
                     Consider move it out of verus! or remove #[verus_spec].
    --> types.rs:2087:5
     |
2087 |     #[verus_verify]
     |     ^^^^^^^^^^^^^^^
     |
     = note: this warning originates in the attribute macro `verus_spec` (in Nightly builds, run with -Z macro-backtrace for more info)

warning: #[verus_spec] is likely used inside a verus! block.
                     Consider move it out of verus! or remove #[verus_spec].
    --> types.rs:2133:5
     |
2133 |     #[verus_verify]
     |     ^^^^^^^^^^^^^^^
     |
     = note: this warning originates in the attribute macro `verus_spec` (in Nightly builds, run with -Z macro-backtrace for more info)

warning: #[verus_spec] is likely used inside a verus! block.
                     Consider move it out of verus! or remove #[verus_spec].
    --> types.rs:2253:5
     |
2253 |     #[verus_verify]
     |     ^^^^^^^^^^^^^^^
     |
     = note: this warning originates in the attribute macro `verus_spec` (in Nightly builds, run with -Z macro-backtrace for more info)

warning: #[verus_spec] is likely used inside a verus! block.
                     Consider move it out of verus! or remove #[verus_spec].
    --> types.rs:2295:5
     |
2295 |     #[verus_verify]
     |     ^^^^^^^^^^^^^^^
     |
     = note: this warning originates in the attribute macro `verus_spec` (in Nightly builds, run with -Z macro-backtrace for more info)

warning: #[verus_spec] is likely used inside a verus! block.
                     Consider move it out of verus! or remove #[verus_spec].
    --> types.rs:2334:5
     |
2334 |     #[verus_verify]
     |     ^^^^^^^^^^^^^^^
     |
     = note: this warning originates in the attribute macro `verus_spec` (in Nightly builds, run with -Z macro-backtrace for more info)

warning: #[verus_spec] is likely used inside a verus! block.
                     Consider move it out of verus! or remove #[verus_spec].
    --> types.rs:2373:5
     |
2373 |     #[verus_verify]
     |     ^^^^^^^^^^^^^^^
     |
     = note: this warning originates in the attribute macro `verus_spec` (in Nightly builds, run with -Z macro-backtrace for more info)

warning: #[verus_spec] is likely used inside a verus! block.
                     Consider move it out of verus! or remove #[verus_spec].
    --> types.rs:2503:5
     |
2503 |     #[verus_verify]
     |     ^^^^^^^^^^^^^^^
     |
     = note: this warning originates in the attribute macro `verus_spec` (in Nightly builds, run with -Z macro-backtrace for more info)

warning: #[verus_spec] is likely used inside a verus! block.
                     Consider move it out of verus! or remove #[verus_spec].
    --> types.rs:2623:5
     |
2623 |     #[verus_verify]
     |     ^^^^^^^^^^^^^^^
     |
     = note: this warning originates in the attribute macro `verus_spec` (in Nightly builds, run with -Z macro-backtrace for more info)

warning: #[verus_spec] is likely used inside a verus! block.
                     Consider move it out of verus! or remove #[verus_spec].
    --> types.rs:2643:5
     |
2643 |     #[verus_verify]
     |     ^^^^^^^^^^^^^^^
     |
     = note: this warning originates in the attribute macro `verus_spec` (in Nightly builds, run with -Z macro-backtrace for more info)

warning: #[verus_spec] is likely used inside a verus! block.
                     Consider move it out of verus! or remove #[verus_spec].
    --> types.rs:2706:5
     |
2706 |     #[verus_verify]
     |     ^^^^^^^^^^^^^^^
     |
     = note: this warning originates in the attribute macro `verus_spec` (in Nightly builds, run with -Z macro-backtrace for more info)

warning: #[verus_spec] is likely used inside a verus! block.
                     Consider move it out of verus! or remove #[verus_spec].
    --> types.rs:2788:5
     |
2788 |     #[verus_verify]
     |     ^^^^^^^^^^^^^^^
     |
     = note: this warning originates in the attribute macro `verus_spec` (in Nightly builds, run with -Z macro-backtrace for more info)

warning: #[verus_spec] is likely used inside a verus! block.
                     Consider move it out of verus! or remove #[verus_spec].
    --> types.rs:2960:5
     |
2960 |     #[verus_verify]
     |     ^^^^^^^^^^^^^^^
     |
     = note: this warning originates in the attribute macro `verus_spec` (in Nightly builds, run with -Z macro-backtrace for more info)

warning: #[verus_spec] is likely used inside a verus! block.
                     Consider move it out of verus! or remove #[verus_spec].
    --> types.rs:2976:5
     |
2976 |     #[verus_verify]
     |     ^^^^^^^^^^^^^^^
     |
     = note: this warning originates in the attribute macro `verus_spec` (in Nightly builds, run with -Z macro-backtrace for more info)

warning: use of deprecated method `vstd::prelude::OptionAdditionalFns::is_None`: is_Variant is deprecated - use `->` or `matches` instead: https://verus-lang.github.io/verus/guide/datatypes_enum.html
   --> linked_list.rs:527:51
    |
527 |                         assert(self.data@.heap_id.is_None() || self.perms@[i].2.value().heap_id == self.data@.heap_id);
    |                                                   ^^^^^^^
    |
    = note: `#[warn(deprecated)]` on by default

warning: use of deprecated method `vstd::prelude::OptionAdditionalFns::is_None`: is_Variant is deprecated - use `->` or `matches` instead: https://verus-lang.github.io/verus/guide/datatypes_enum.html
   --> linked_list.rs:820:46
    |
820 |                     assert(out.data@.heap_id.is_None() || out.perms@[i].2.value().heap_id == out.data@.heap_id);
    |                                              ^^^^^^^

warning: use of deprecated method `vstd::prelude::ResultAdditionalSpecFns::is_Ok`: is_Variant is deprecated - use `->` or `matches` instead: https://verus-lang.github.io/verus/guide/datatypes_enum.html
   --> free.rs:751:39
    |
751 |             let ghost ok = cas_result.is_Ok();
    |                                       ^^^^^

warning: use of deprecated method `vstd::prelude::OptionAdditionalFns::is_None`: is_Variant is deprecated - use `->` or `matches` instead: https://verus-lang.github.io/verus/guide/datatypes_enum.html
    --> segment.rs:1939:51
     |
1939 |                     if page_data.page_header_kind.is_None() {
     |                                                   ^^^^^^^

warning: using ==> in `assert forall` does not currently assume the antecedent in the body; consider using `implies` instead of `==>`
   --> segment.rs:813:9
    |
813 |         assert forall |pid: PageId| #[trigger] local.pages.dom().contains(pid) implies
    |         ^^^^^^
    |
    = help: If you didn't mean to assume the antecedent, we're very curious to hear why! To tell us, please open an issue on the Verus issue tracker on github with the title `Don't always make assert forall assume the antecedent`. If no one opens such an issue, we'll soon change the behavior of Verus to always assume the antecedent of the outermost implication

warning: using ==> in `assert forall` does not currently assume the antecedent in the body; consider using `implies` instead of `==>`
   --> segment.rs:817:9
    |
817 |         assert forall |pid: PageId| #[trigger] local.pages.dom().contains(pid) implies
    |         ^^^^^^
    |
    = help: If you didn't mean to assume the antecedent, we're very curious to hear why! To tell us, please open an issue on the Verus issue tracker on github with the title `Don't always make assert forall assume the antecedent`. If no one opens such an issue, we'll soon change the behavior of Verus to always assume the antecedent of the outermost implication

warning: using ==> in `assert forall` does not currently assume the antecedent in the body; consider using `implies` instead of `==>`
   --> segment.rs:840:9
    |
840 |         assert forall |pid: PageId| #[trigger] local.page_organization.pages.dom().contains(pid) implies
    |         ^^^^^^
    |
    = help: If you didn't mean to assume the antecedent, we're very curious to hear why! To tell us, please open an issue on the Verus issue tracker on github with the title `Don't always make assert forall assume the antecedent`. If no one opens such an issue, we'll soon change the behavior of Verus to always assume the antecedent of the outermost implication

warning: using ==> in `assert forall` does not currently assume the antecedent in the body; consider using `implies` instead of `==>`
   --> segment.rs:842:9
    |
842 |         assert forall |pid: PageId| #[trigger] local.page_organization.pages.dom().contains(pid) implies
    |         ^^^^^^
    |
    = help: If you didn't mean to assume the antecedent, we're very curious to hear why! To tell us, please open an issue on the Verus issue tracker on github with the title `Don't always make assert forall assume the antecedent`. If no one opens such an issue, we'll soon change the behavior of Verus to always assume the antecedent of the outermost implication

warning: using ==> in `assert forall` does not currently assume the antecedent in the body; consider using `implies` instead of `==>`
   --> segment.rs:844:9
    |
844 |         assert forall |pid: PageId| #[trigger] local.page_organization.pages.dom().contains(pid) implies
    |         ^^^^^^
    |
    = help: If you didn't mean to assume the antecedent, we're very curious to hear why! To tell us, please open an issue on the Verus issue tracker on github with the title `Don't always make assert forall assume the antecedent`. If no one opens such an issue, we'll soon change the behavior of Verus to always assume the antecedent of the outermost implication

warning: using ==> in `assert forall` does not currently assume the antecedent in the body; consider using `implies` instead of `==>`
    --> segment.rs:1137:9
     |
1137 |         assert forall |pid: PageId| #[trigger] local.pages.dom().contains(pid) implies
     |         ^^^^^^
     |
     = help: If you didn't mean to assume the antecedent, we're very curious to hear why! To tell us, please open an issue on the Verus issue tracker on github with the title `Don't always make assert forall assume the antecedent`. If no one opens such an issue, we'll soon change the behavior of Verus to always assume the antecedent of the outermost implication

warning: using ==> in `assert forall` does not currently assume the antecedent in the body; consider using `implies` instead of `==>`
    --> segment.rs:1141:9
     |
1141 |         assert forall |pid: PageId| #[trigger] local.pages.dom().contains(pid) implies
     |         ^^^^^^
     |
     = help: If you didn't mean to assume the antecedent, we're very curious to hear why! To tell us, please open an issue on the Verus issue tracker on github with the title `Don't always make assert forall assume the antecedent`. If no one opens such an issue, we'll soon change the behavior of Verus to always assume the antecedent of the outermost implication

warning: using ==> in `assert forall` does not currently assume the antecedent in the body; consider using `implies` instead of `==>`
    --> segment.rs:1164:9
     |
1164 |         assert forall |pid: PageId| #[trigger] local.page_organization.pages.dom().contains(pid) implies
     |         ^^^^^^
     |
     = help: If you didn't mean to assume the antecedent, we're very curious to hear why! To tell us, please open an issue on the Verus issue tracker on github with the title `Don't always make assert forall assume the antecedent`. If no one opens such an issue, we'll soon change the behavior of Verus to always assume the antecedent of the outermost implication

warning: using ==> in `assert forall` does not currently assume the antecedent in the body; consider using `implies` instead of `==>`
    --> segment.rs:1166:9
     |
1166 |         assert forall |pid: PageId| #[trigger] local.page_organization.pages.dom().contains(pid) implies
     |         ^^^^^^
     |
     = help: If you didn't mean to assume the antecedent, we're very curious to hear why! To tell us, please open an issue on the Verus issue tracker on github with the title `Don't always make assert forall assume the antecedent`. If no one opens such an issue, we'll soon change the behavior of Verus to always assume the antecedent of the outermost implication

warning: using ==> in `assert forall` does not currently assume the antecedent in the body; consider using `implies` instead of `==>`
    --> segment.rs:1168:9
     |
1168 |         assert forall |pid: PageId| #[trigger] local.page_organization.pages.dom().contains(pid) implies
     |         ^^^^^^
     |
     = help: If you didn't mean to assume the antecedent, we're very curious to hear why! To tell us, please open an issue on the Verus issue tracker on github with the title `Don't always make assert forall assume the antecedent`. If no one opens such an issue, we'll soon change the behavior of Verus to always assume the antecedent of the outermost implication

warning: using ==> in `assert forall` does not currently assume the antecedent in the body; consider using `implies` instead of `==>`
    --> segment.rs:1766:9
     |
1766 |         assert forall |pid: PageId| #[trigger] local.page_organization.pages.dom().contains(pid) implies
     |         ^^^^^^
     |
     = help: If you didn't mean to assume the antecedent, we're very curious to hear why! To tell us, please open an issue on the Verus issue tracker on github with the title `Don't always make assert forall assume the antecedent`. If no one opens such an issue, we'll soon change the behavior of Verus to always assume the antecedent of the outermost implication

warning: using ==> in `assert forall` does not currently assume the antecedent in the body; consider using `implies` instead of `==>`
    --> segment.rs:1777:9
     |
1777 |         assert forall |pid: PageId| #[trigger] local.page_organization.pages.dom().contains(pid) implies
     |         ^^^^^^
     |
     = help: If you didn't mean to assume the antecedent, we're very curious to hear why! To tell us, please open an issue on the Verus issue tracker on github with the title `Don't always make assert forall assume the antecedent`. If no one opens such an issue, we'll soon change the behavior of Verus to always assume the antecedent of the outermost implication

warning: using ==> in `assert forall` does not currently assume the antecedent in the body; consider using `implies` instead of `==>`
    --> segment.rs:1788:9
     |
1788 |         assert forall |pid: PageId| #[trigger] local.page_organization.pages.dom().contains(pid) implies
     |         ^^^^^^
     |
     = help: If you didn't mean to assume the antecedent, we're very curious to hear why! To tell us, please open an issue on the Verus issue tracker on github with the title `Don't always make assert forall assume the antecedent`. If no one opens such an issue, we'll soon change the behavior of Verus to always assume the antecedent of the outermost implication

warning: using ==> in `assert forall` does not currently assume the antecedent in the body; consider using `implies` instead of `==>`
    --> segment.rs:1810:9
     |
1810 |         assert forall |pid: PageId| #[trigger] local.page_organization.pages.dom().contains(pid) implies
     |         ^^^^^^
     |
     = help: If you didn't mean to assume the antecedent, we're very curious to hear why! To tell us, please open an issue on the Verus issue tracker on github with the title `Don't always make assert forall assume the antecedent`. If no one opens such an issue, we'll soon change the behavior of Verus to always assume the antecedent of the outermost implication

warning: using ==> in `assert forall` does not currently assume the antecedent in the body; consider using `implies` instead of `==>`
    --> segment.rs:1816:9
     |
1816 |         assert forall |pid: PageId| #[trigger] local.page_organization.pages.dom().contains(pid) implies
     |         ^^^^^^
     |
     = help: If you didn't mean to assume the antecedent, we're very curious to hear why! To tell us, please open an issue on the Verus issue tracker on github with the title `Don't always make assert forall assume the antecedent`. If no one opens such an issue, we'll soon change the behavior of Verus to always assume the antecedent of the outermost implication

warning: using ==> in `assert forall` does not currently assume the antecedent in the body; consider using `implies` instead of `==>`
    --> segment.rs:1822:9
     |
1822 |         assert forall |pid: PageId| #[trigger] local.page_organization.pages.dom().contains(pid) implies
     |         ^^^^^^
     |
     = help: If you didn't mean to assume the antecedent, we're very curious to hear why! To tell us, please open an issue on the Verus issue tracker on github with the title `Don't always make assert forall assume the antecedent`. If no one opens such an issue, we'll soon change the behavior of Verus to always assume the antecedent of the outermost implication

warning: using ==> in `assert forall` does not currently assume the antecedent in the body; consider using `implies` instead of `==>`
    --> segment.rs:1844:9
     |
1844 |         assert forall |pid: PageId| #[trigger] local.page_organization.pages.dom().contains(pid) implies
     |         ^^^^^^
     |
     = help: If you didn't mean to assume the antecedent, we're very curious to hear why! To tell us, please open an issue on the Verus issue tracker on github with the title `Don't always make assert forall assume the antecedent`. If no one opens such an issue, we'll soon change the behavior of Verus to always assume the antecedent of the outermost implication

warning: using ==> in `assert forall` does not currently assume the antecedent in the body; consider using `implies` instead of `==>`
    --> segment.rs:1846:9
     |
1846 |         assert forall |pid: PageId| #[trigger] local.page_organization.pages.dom().contains(pid) implies
     |         ^^^^^^
     |
     = help: If you didn't mean to assume the antecedent, we're very curious to hear why! To tell us, please open an issue on the Verus issue tracker on github with the title `Don't always make assert forall assume the antecedent`. If no one opens such an issue, we'll soon change the behavior of Verus to always assume the antecedent of the outermost implication

warning: using ==> in `assert forall` does not currently assume the antecedent in the body; consider using `implies` instead of `==>`
    --> segment.rs:1848:9
     |
1848 |         assert forall |pid: PageId| #[trigger] local.page_organization.pages.dom().contains(pid) implies
     |         ^^^^^^
     |
     = help: If you didn't mean to assume the antecedent, we're very curious to hear why! To tell us, please open an issue on the Verus issue tracker on github with the title `Don't always make assert forall assume the antecedent`. If no one opens such an issue, we'll soon change the behavior of Verus to always assume the antecedent of the outermost implication

warning: using ==> in `assert forall` does not currently assume the antecedent in the body; consider using `implies` instead of `==>`
    --> segment.rs:1869:13
     |
1869 |             assert forall |pid: PageId| #[trigger] local_start.page_organization.pages.dom().contains(pid) implies
     |             ^^^^^^
     |
     = help: If you didn't mean to assume the antecedent, we're very curious to hear why! To tell us, please open an issue on the Verus issue tracker on github with the title `Don't always make assert forall assume the antecedent`. If no one opens such an issue, we'll soon change the behavior of Verus to always assume the antecedent of the outermost implication

warning: using ==> in `assert forall` does not currently assume the antecedent in the body; consider using `implies` instead of `==>`
    --> segment.rs:1875:13
     |
1875 |             assert forall |pid: PageId| #[trigger] local_start.page_organization.pages.dom().contains(pid) implies
     |             ^^^^^^
     |
     = help: If you didn't mean to assume the antecedent, we're very curious to hear why! To tell us, please open an issue on the Verus issue tracker on github with the title `Don't always make assert forall assume the antecedent`. If no one opens such an issue, we'll soon change the behavior of Verus to always assume the antecedent of the outermost implication

warning: using ==> in `assert forall` does not currently assume the antecedent in the body; consider using `implies` instead of `==>`
    --> segment.rs:1881:13
     |
1881 |             assert forall |pid: PageId| #[trigger] local_start.page_organization.pages.dom().contains(pid) implies
     |             ^^^^^^
     |
     = help: If you didn't mean to assume the antecedent, we're very curious to hear why! To tell us, please open an issue on the Verus issue tracker on github with the title `Don't always make assert forall assume the antecedent`. If no one opens such an issue, we'll soon change the behavior of Verus to always assume the antecedent of the outermost implication

warning: using ==> in `assert forall` does not currently assume the antecedent in the body; consider using `implies` instead of `==>`
    --> segment.rs:2612:17
     |
2612 |                 assert forall |pid: PageId| #[trigger] local_snap1.page_organization.pages.dom().contains(pid) implies
     |                 ^^^^^^
     |
     = help: If you didn't mean to assume the antecedent, we're very curious to hear why! To tell us, please open an issue on the Verus issue tracker on github with the title `Don't always make assert forall assume the antecedent`. If no one opens such an issue, we'll soon change the behavior of Verus to always assume the antecedent of the outermost implication

warning: using ==> in `assert forall` does not currently assume the antecedent in the body; consider using `implies` instead of `==>`
    --> segment.rs:2617:17
     |
2617 |                 assert forall |pid: PageId| #[trigger] local_snap1.page_organization.pages.dom().contains(pid) implies
     |                 ^^^^^^
     |
     = help: If you didn't mean to assume the antecedent, we're very curious to hear why! To tell us, please open an issue on the Verus issue tracker on github with the title `Don't always make assert forall assume the antecedent`. If no one opens such an issue, we'll soon change the behavior of Verus to always assume the antecedent of the outermost implication

warning: using ==> in `assert forall` does not currently assume the antecedent in the body; consider using `implies` instead of `==>`
    --> segment.rs:2622:17
     |
2622 |                 assert forall |pid: PageId| #[trigger] local_snap1.page_organization.pages.dom().contains(pid) implies
     |                 ^^^^^^
     |
     = help: If you didn't mean to assume the antecedent, we're very curious to hear why! To tell us, please open an issue on the Verus issue tracker on github with the title `Don't always make assert forall assume the antecedent`. If no one opens such an issue, we'll soon change the behavior of Verus to always assume the antecedent of the outermost implication

warning: using ==> in `assert forall` does not currently assume the antecedent in the body; consider using `implies` instead of `==>`
    --> segment.rs:2807:13
     |
2807 |             assert forall |pid: PageId| #[trigger] local.page_organization.pages.dom().contains(pid) implies
     |             ^^^^^^
     |
     = help: If you didn't mean to assume the antecedent, we're very curious to hear why! To tell us, please open an issue on the Verus issue tracker on github with the title `Don't always make assert forall assume the antecedent`. If no one opens such an issue, we'll soon change the behavior of Verus to always assume the antecedent of the outermost implication

warning: using ==> in `assert forall` does not currently assume the antecedent in the body; consider using `implies` instead of `==>`
    --> segment.rs:2811:13
     |
2811 |             assert forall |pid: PageId| #[trigger] local.page_organization.pages.dom().contains(pid) implies
     |             ^^^^^^
     |
     = help: If you didn't mean to assume the antecedent, we're very curious to hear why! To tell us, please open an issue on the Verus issue tracker on github with the title `Don't always make assert forall assume the antecedent`. If no one opens such an issue, we'll soon change the behavior of Verus to always assume the antecedent of the outermost implication

warning: using ==> in `assert forall` does not currently assume the antecedent in the body; consider using `implies` instead of `==>`
    --> segment.rs:2815:13
     |
2815 |             assert forall |pid: PageId| #[trigger] local.page_organization.pages.dom().contains(pid) implies
     |             ^^^^^^
     |
     = help: If you didn't mean to assume the antecedent, we're very curious to hear why! To tell us, please open an issue on the Verus issue tracker on github with the title `Don't always make assert forall assume the antecedent`. If no one opens such an issue, we'll soon change the behavior of Verus to always assume the antecedent of the outermost implication

warning: using ==> in `assert forall` does not currently assume the antecedent in the body; consider using `implies` instead of `==>`
    --> segment.rs:3437:13
     |
3437 |             assert forall |pid: PageId| #[trigger] local.page_organization.pages.dom().contains(pid) implies
     |             ^^^^^^
     |
     = help: If you didn't mean to assume the antecedent, we're very curious to hear why! To tell us, please open an issue on the Verus issue tracker on github with the title `Don't always make assert forall assume the antecedent`. If no one opens such an issue, we'll soon change the behavior of Verus to always assume the antecedent of the outermost implication

warning: using ==> in `assert forall` does not currently assume the antecedent in the body; consider using `implies` instead of `==>`
    --> segment.rs:3447:13
     |
3447 |             assert forall |pid: PageId| #[trigger] local.page_organization.pages.dom().contains(pid) implies
     |             ^^^^^^
     |
     = help: If you didn't mean to assume the antecedent, we're very curious to hear why! To tell us, please open an issue on the Verus issue tracker on github with the title `Don't always make assert forall assume the antecedent`. If no one opens such an issue, we'll soon change the behavior of Verus to always assume the antecedent of the outermost implication

warning: using ==> in `assert forall` does not currently assume the antecedent in the body; consider using `implies` instead of `==>`
    --> segment.rs:3451:13
     |
3451 |             assert forall |pid: PageId| #[trigger] local.page_organization.pages.dom().contains(pid) implies
     |             ^^^^^^
     |
     = help: If you didn't mean to assume the antecedent, we're very curious to hear why! To tell us, please open an issue on the Verus issue tracker on github with the title `Don't always make assert forall assume the antecedent`. If no one opens such an issue, we'll soon change the behavior of Verus to always assume the antecedent of the outermost implication

warning: using ==> in `assert forall` does not currently assume the antecedent in the body; consider using `implies` instead of `==>`
    --> segment.rs:3477:13
     |
3477 |             assert forall |pid: PageId| #[trigger] local.page_organization.pages.dom().contains(pid) implies
     |             ^^^^^^
     |
     = help: If you didn't mean to assume the antecedent, we're very curious to hear why! To tell us, please open an issue on the Verus issue tracker on github with the title `Don't always make assert forall assume the antecedent`. If no one opens such an issue, we'll soon change the behavior of Verus to always assume the antecedent of the outermost implication

warning: using ==> in `assert forall` does not currently assume the antecedent in the body; consider using `implies` instead of `==>`
    --> segment.rs:3487:13
     |
3487 |             assert forall |pid: PageId| #[trigger] local.page_organization.pages.dom().contains(pid) implies
     |             ^^^^^^
     |
     = help: If you didn't mean to assume the antecedent, we're very curious to hear why! To tell us, please open an issue on the Verus issue tracker on github with the title `Don't always make assert forall assume the antecedent`. If no one opens such an issue, we'll soon change the behavior of Verus to always assume the antecedent of the outermost implication

warning: using ==> in `assert forall` does not currently assume the antecedent in the body; consider using `implies` instead of `==>`
    --> segment.rs:3491:13
     |
3491 |             assert forall |pid: PageId| #[trigger] local.page_organization.pages.dom().contains(pid) implies
     |             ^^^^^^
     |
     = help: If you didn't mean to assume the antecedent, we're very curious to hear why! To tell us, please open an issue on the Verus issue tracker on github with the title `Don't always make assert forall assume the antecedent`. If no one opens such an issue, we'll soon change the behavior of Verus to always assume the antecedent of the outermost implication

warning: using ==> in `assert forall` does not currently assume the antecedent in the body; consider using `implies` instead of `==>`
    --> segment.rs:3576:9
     |
3576 |         assert forall |pid: PageId| #[trigger] local.pages.dom().contains(pid) implies
     |         ^^^^^^
     |
     = help: If you didn't mean to assume the antecedent, we're very curious to hear why! To tell us, please open an issue on the Verus issue tracker on github with the title `Don't always make assert forall assume the antecedent`. If no one opens such an issue, we'll soon change the behavior of Verus to always assume the antecedent of the outermost implication

warning: using ==> in `assert forall` does not currently assume the antecedent in the body; consider using `implies` instead of `==>`
    --> segment.rs:3580:9
     |
3580 |         assert forall |pid: PageId| #[trigger] local.pages.dom().contains(pid) implies
     |         ^^^^^^
     |
     = help: If you didn't mean to assume the antecedent, we're very curious to hear why! To tell us, please open an issue on the Verus issue tracker on github with the title `Don't always make assert forall assume the antecedent`. If no one opens such an issue, we'll soon change the behavior of Verus to always assume the antecedent of the outermost implication

warning: using ==> in `assert forall` does not currently assume the antecedent in the body; consider using `implies` instead of `==>`
    --> segment.rs:3615:9
     |
3615 |         assert forall |pid: PageId| #[trigger] local.page_organization.pages.dom().contains(pid) implies
     |         ^^^^^^
     |
     = help: If you didn't mean to assume the antecedent, we're very curious to hear why! To tell us, please open an issue on the Verus issue tracker on github with the title `Don't always make assert forall assume the antecedent`. If no one opens such an issue, we'll soon change the behavior of Verus to always assume the antecedent of the outermost implication

warning: using ==> in `assert forall` does not currently assume the antecedent in the body; consider using `implies` instead of `==>`
    --> segment.rs:3626:9
     |
3626 |         assert forall |pid: PageId| #[trigger] local.page_organization.pages.dom().contains(pid) implies
     |         ^^^^^^
     |
     = help: If you didn't mean to assume the antecedent, we're very curious to hear why! To tell us, please open an issue on the Verus issue tracker on github with the title `Don't always make assert forall assume the antecedent`. If no one opens such an issue, we'll soon change the behavior of Verus to always assume the antecedent of the outermost implication

warning: using ==> in `assert forall` does not currently assume the antecedent in the body; consider using `implies` instead of `==>`
    --> segment.rs:3634:9
     |
3634 |         assert forall |pid: PageId| #[trigger] local.page_organization.pages.dom().contains(pid) implies
     |         ^^^^^^
     |
     = help: If you didn't mean to assume the antecedent, we're very curious to hear why! To tell us, please open an issue on the Verus issue tracker on github with the title `Don't always make assert forall assume the antecedent`. If no one opens such an issue, we'll soon change the behavior of Verus to always assume the antecedent of the outermost implication

warning: using ==> in `assert forall` does not currently assume the antecedent in the body; consider using `implies` instead of `==>`
    --> types.rs:4429:17
     |
4429 |                   assert forall |pid: PageId|
     |                   ^^^^^^
     |
    ::: segment.rs:3841:5
     |
3841 | /     unused_page_get_mut!(page, local, page => {
3842 | |         let Tracked(_delay_token) = page.xthread_free.disable();
3843 | |         let Tracked(_heap_of_page_token) = page.xheap.disable();
3844 | |
3845 | |     });
     | |______- in this macro invocation
     |
     = help: If you didn't mean to assume the antecedent, we're very curious to hear why! To tell us, please open an issue on the Verus issue tracker on github with the title `Don't always make assert forall assume the antecedent`. If no one opens such an issue, we'll soon change the behavior of Verus to always assume the antecedent of the outermost implication
     = note: this warning originates in the macro `$crate::types::unused_page_get_mut_internal` which comes from the expansion of the macro `unused_page_get_mut` (in Nightly builds, run with -Z macro-backtrace for more info)

warning: using ==> in `assert forall` does not currently assume the antecedent in the body; consider using `implies` instead of `==>`
    --> segment.rs:3889:9
     |
3889 |         assert forall |pid: PageId| #[trigger] local.pages.dom().contains(pid) implies
     |         ^^^^^^
     |
     = help: If you didn't mean to assume the antecedent, we're very curious to hear why! To tell us, please open an issue on the Verus issue tracker on github with the title `Don't always make assert forall assume the antecedent`. If no one opens such an issue, we'll soon change the behavior of Verus to always assume the antecedent of the outermost implication

warning: using ==> in `assert forall` does not currently assume the antecedent in the body; consider using `implies` instead of `==>`
    --> segment.rs:3898:9
     |
3898 |         assert forall |pid: PageId| #[trigger] local.pages.dom().contains(pid) implies
     |         ^^^^^^
     |
     = help: If you didn't mean to assume the antecedent, we're very curious to hear why! To tell us, please open an issue on the Verus issue tracker on github with the title `Don't always make assert forall assume the antecedent`. If no one opens such an issue, we'll soon change the behavior of Verus to always assume the antecedent of the outermost implication

warning: using ==> in `assert forall` does not currently assume the antecedent in the body; consider using `implies` instead of `==>`
    --> segment.rs:4061:9
     |
4061 |         assert forall |pid: PageId| #[trigger] local.pages.dom().contains(pid) implies
     |         ^^^^^^
     |
     = help: If you didn't mean to assume the antecedent, we're very curious to hear why! To tell us, please open an issue on the Verus issue tracker on github with the title `Don't always make assert forall assume the antecedent`. If no one opens such an issue, we'll soon change the behavior of Verus to always assume the antecedent of the outermost implication

warning: using ==> in `assert forall` does not currently assume the antecedent in the body; consider using `implies` instead of `==>`
    --> segment.rs:4065:9
     |
4065 |         assert forall |pid: PageId| #[trigger] local.pages.dom().contains(pid) implies
     |         ^^^^^^
     |
     = help: If you didn't mean to assume the antecedent, we're very curious to hear why! To tell us, please open an issue on the Verus issue tracker on github with the title `Don't always make assert forall assume the antecedent`. If no one opens such an issue, we'll soon change the behavior of Verus to always assume the antecedent of the outermost implication

warning: using ==> in `assert forall` does not currently assume the antecedent in the body; consider using `implies` instead of `==>`
    --> segment.rs:4285:13
     |
4285 |             assert forall |pid: PageId| #[trigger] local.pages.dom().contains(pid) implies
     |             ^^^^^^
     |
     = help: If you didn't mean to assume the antecedent, we're very curious to hear why! To tell us, please open an issue on the Verus issue tracker on github with the title `Don't always make assert forall assume the antecedent`. If no one opens such an issue, we'll soon change the behavior of Verus to always assume the antecedent of the outermost implication

warning: using ==> in `assert forall` does not currently assume the antecedent in the body; consider using `implies` instead of `==>`
    --> segment.rs:4289:13
     |
4289 |             assert forall |pid: PageId| #[trigger] local.pages.dom().contains(pid) implies
     |             ^^^^^^
     |
     = help: If you didn't mean to assume the antecedent, we're very curious to hear why! To tell us, please open an issue on the Verus issue tracker on github with the title `Don't always make assert forall assume the antecedent`. If no one opens such an issue, we'll soon change the behavior of Verus to always assume the antecedent of the outermost implication

warning: using ==> in `assert forall` does not currently assume the antecedent in the body; consider using `implies` instead of `==>`
    --> segment.rs:4326:13
     |
4326 |             assert forall |pid: PageId| #[trigger] local.page_organization.pages.dom().contains(pid) implies
     |             ^^^^^^
     |
     = help: If you didn't mean to assume the antecedent, we're very curious to hear why! To tell us, please open an issue on the Verus issue tracker on github with the title `Don't always make assert forall assume the antecedent`. If no one opens such an issue, we'll soon change the behavior of Verus to always assume the antecedent of the outermost implication

warning: using ==> in `assert forall` does not currently assume the antecedent in the body; consider using `implies` instead of `==>`
    --> segment.rs:4340:13
     |
4340 |             assert forall |pid: PageId| #[trigger] local.page_organization.pages.dom().contains(pid) implies
     |             ^^^^^^
     |
     = help: If you didn't mean to assume the antecedent, we're very curious to hear why! To tell us, please open an issue on the Verus issue tracker on github with the title `Don't always make assert forall assume the antecedent`. If no one opens such an issue, we'll soon change the behavior of Verus to always assume the antecedent of the outermost implication

warning: using ==> in `assert forall` does not currently assume the antecedent in the body; consider using `implies` instead of `==>`
    --> segment.rs:4354:13
     |
4354 |             assert forall |pid: PageId| #[trigger] local.page_organization.pages.dom().contains(pid) implies
     |             ^^^^^^
     |
     = help: If you didn't mean to assume the antecedent, we're very curious to hear why! To tell us, please open an issue on the Verus issue tracker on github with the title `Don't always make assert forall assume the antecedent`. If no one opens such an issue, we'll soon change the behavior of Verus to always assume the antecedent of the outermost implication

warning: using ==> in `assert forall` does not currently assume the antecedent in the body; consider using `implies` instead of `==>`
    --> segment.rs:4787:17
     |
4787 |                 assert forall |pid: PageId| #[trigger] local.pages.dom().contains(pid) implies
     |                 ^^^^^^
     |
     = help: If you didn't mean to assume the antecedent, we're very curious to hear why! To tell us, please open an issue on the Verus issue tracker on github with the title `Don't always make assert forall assume the antecedent`. If no one opens such an issue, we'll soon change the behavior of Verus to always assume the antecedent of the outermost implication

warning: using ==> in `assert forall` does not currently assume the antecedent in the body; consider using `implies` instead of `==>`
    --> segment.rs:4791:17
     |
4791 |                 assert forall |pid: PageId| #[trigger] local.pages.dom().contains(pid) implies
     |                 ^^^^^^
     |
     = help: If you didn't mean to assume the antecedent, we're very curious to hear why! To tell us, please open an issue on the Verus issue tracker on github with the title `Don't always make assert forall assume the antecedent`. If no one opens such an issue, we'll soon change the behavior of Verus to always assume the antecedent of the outermost implication

warning: using ==> in `assert forall` does not currently assume the antecedent in the body; consider using `implies` instead of `==>`
    --> segment.rs:4829:17
     |
4829 |                 assert forall |pid: PageId| #[trigger] local.page_organization.pages.dom().contains(pid) implies
     |                 ^^^^^^
     |
     = help: If you didn't mean to assume the antecedent, we're very curious to hear why! To tell us, please open an issue on the Verus issue tracker on github with the title `Don't always make assert forall assume the antecedent`. If no one opens such an issue, we'll soon change the behavior of Verus to always assume the antecedent of the outermost implication

warning: using ==> in `assert forall` does not currently assume the antecedent in the body; consider using `implies` instead of `==>`
    --> segment.rs:4845:17
     |
4845 |                 assert forall |pid: PageId| #[trigger] local.page_organization.pages.dom().contains(pid) implies
     |                 ^^^^^^
     |
     = help: If you didn't mean to assume the antecedent, we're very curious to hear why! To tell us, please open an issue on the Verus issue tracker on github with the title `Don't always make assert forall assume the antecedent`. If no one opens such an issue, we'll soon change the behavior of Verus to always assume the antecedent of the outermost implication

warning: using ==> in `assert forall` does not currently assume the antecedent in the body; consider using `implies` instead of `==>`
    --> segment.rs:4853:17
     |
4853 |                 assert forall |pid: PageId| #[trigger] local.page_organization.pages.dom().contains(pid) implies
     |                 ^^^^^^
     |
     = help: If you didn't mean to assume the antecedent, we're very curious to hear why! To tell us, please open an issue on the Verus issue tracker on github with the title `Don't always make assert forall assume the antecedent`. If no one opens such an issue, we'll soon change the behavior of Verus to always assume the antecedent of the outermost implication

warning: using ==> in `assert forall` does not currently assume the antecedent in the body; consider using `implies` instead of `==>`
    --> commit_segment.rs:1608:13
     |
1608 |             assert forall |page_id: PageId| #[trigger] local.pages.dom().contains(page_id) implies
     |             ^^^^^^
     |
     = help: If you didn't mean to assume the antecedent, we're very curious to hear why! To tell us, please open an issue on the Verus issue tracker on github with the title `Don't always make assert forall assume the antecedent`. If no one opens such an issue, we'll soon change the behavior of Verus to always assume the antecedent of the outermost implication

warning: using ==> in `assert forall` does not currently assume the antecedent in the body; consider using `implies` instead of `==>`
    --> commit_segment.rs:1616:13
     |
1616 |             assert forall |page_id: PageId| #[trigger] local.pages.dom().contains(page_id) implies
     |             ^^^^^^
     |
     = help: If you didn't mean to assume the antecedent, we're very curious to hear why! To tell us, please open an issue on the Verus issue tracker on github with the title `Don't always make assert forall assume the antecedent`. If no one opens such an issue, we'll soon change the behavior of Verus to always assume the antecedent of the outermost implication

warning: using ==> in `assert forall` does not currently assume the antecedent in the body; consider using `implies` instead of `==>`
    --> commit_segment.rs:1647:13
     |
1647 |             assert forall |page_id: PageId| #[trigger] local.page_organization.pages.dom().contains(page_id) implies
     |             ^^^^^^
     |
     = help: If you didn't mean to assume the antecedent, we're very curious to hear why! To tell us, please open an issue on the Verus issue tracker on github with the title `Don't always make assert forall assume the antecedent`. If no one opens such an issue, we'll soon change the behavior of Verus to always assume the antecedent of the outermost implication

warning: using ==> in `assert forall` does not currently assume the antecedent in the body; consider using `implies` instead of `==>`
    --> commit_segment.rs:1675:21
     |
1675 |                     assert forall |pid: PageId| #[trigger] local.page_organization.pages.dom().contains(pid) ==>
     |                     ^^^^^^
     |
     = help: If you didn't mean to assume the antecedent, we're very curious to hear why! To tell us, please open an issue on the Verus issue tracker on github with the title `Don't always make assert forall assume the antecedent`. If no one opens such an issue, we'll soon change the behavior of Verus to always assume the antecedent of the outermost implication

warning: using ==> in `assert forall` does not currently assume the antecedent in the body; consider using `implies` instead of `==>`
    --> commit_segment.rs:1679:21
     |
1679 |                     assert forall |pid: PageId| #[trigger] local.page_organization.pages.dom().contains(pid) ==>
     |                     ^^^^^^
     |
     = help: If you didn't mean to assume the antecedent, we're very curious to hear why! To tell us, please open an issue on the Verus issue tracker on github with the title `Don't always make assert forall assume the antecedent`. If no one opens such an issue, we'll soon change the behavior of Verus to always assume the antecedent of the outermost implication

warning: using ==> in `assert forall` does not currently assume the antecedent in the body; consider using `implies` instead of `==>`
    --> commit_segment.rs:1683:21
     |
1683 |                     assert forall |pid: PageId| #[trigger] local.page_organization.pages.dom().contains(pid) ==>
     |                     ^^^^^^
     |
     = help: If you didn't mean to assume the antecedent, we're very curious to hear why! To tell us, please open an issue on the Verus issue tracker on github with the title `Don't always make assert forall assume the antecedent`. If no one opens such an issue, we'll soon change the behavior of Verus to always assume the antecedent of the outermost implication

warning: using ==> in `assert forall` does not currently assume the antecedent in the body; consider using `implies` instead of `==>`
    --> commit_segment.rs:1687:21
     |
1687 |                     assert forall |pid: PageId| #[trigger] local.page_organization.pages.dom().contains(pid) ==>
     |                     ^^^^^^
     |
     = help: If you didn't mean to assume the antecedent, we're very curious to hear why! To tell us, please open an issue on the Verus issue tracker on github with the title `Don't always make assert forall assume the antecedent`. If no one opens such an issue, we'll soon change the behavior of Verus to always assume the antecedent of the outermost implication

warning: using ==> in `assert forall` does not currently assume the antecedent in the body; consider using `implies` instead of `==>`
    --> commit_segment.rs:1757:21
     |
1757 |                     assert forall |pid: PageId| #[trigger] local.page_organization.pages.dom().contains(pid) ==>
     |                     ^^^^^^
     |
     = help: If you didn't mean to assume the antecedent, we're very curious to hear why! To tell us, please open an issue on the Verus issue tracker on github with the title `Don't always make assert forall assume the antecedent`. If no one opens such an issue, we'll soon change the behavior of Verus to always assume the antecedent of the outermost implication

warning: using ==> in `assert forall` does not currently assume the antecedent in the body; consider using `implies` instead of `==>`
    --> commit_segment.rs:1759:21
     |
1759 |                     assert forall |pid: PageId| #[trigger] local.page_organization.pages.dom().contains(pid) ==>
     |                     ^^^^^^
     |
     = help: If you didn't mean to assume the antecedent, we're very curious to hear why! To tell us, please open an issue on the Verus issue tracker on github with the title `Don't always make assert forall assume the antecedent`. If no one opens such an issue, we'll soon change the behavior of Verus to always assume the antecedent of the outermost implication

warning: using ==> in `assert forall` does not currently assume the antecedent in the body; consider using `implies` instead of `==>`
    --> commit_segment.rs:1761:21
     |
1761 |                     assert forall |pid: PageId| #[trigger] local.page_organization.pages.dom().contains(pid) ==>
     |                     ^^^^^^
     |
     = help: If you didn't mean to assume the antecedent, we're very curious to hear why! To tell us, please open an issue on the Verus issue tracker on github with the title `Don't always make assert forall assume the antecedent`. If no one opens such an issue, we'll soon change the behavior of Verus to always assume the antecedent of the outermost implication

warning: using ==> in `assert forall` does not currently assume the antecedent in the body; consider using `implies` instead of `==>`
    --> commit_segment.rs:1763:21
     |
1763 |                     assert forall |pid: PageId| #[trigger] local.page_organization.pages.dom().contains(pid) ==>
     |                     ^^^^^^
     |
     = help: If you didn't mean to assume the antecedent, we're very curious to hear why! To tell us, please open an issue on the Verus issue tracker on github with the title `Don't always make assert forall assume the antecedent`. If no one opens such an issue, we'll soon change the behavior of Verus to always assume the antecedent of the outermost implication

warning: using ==> in `assert forall` does not currently assume the antecedent in the body; consider using `implies` instead of `==>`
    --> commit_segment.rs:1847:17
     |
1847 |                 assert forall |pid: PageId| #[trigger] local.page_organization.pages.dom().contains(pid) ==>
     |                 ^^^^^^
     |
     = help: If you didn't mean to assume the antecedent, we're very curious to hear why! To tell us, please open an issue on the Verus issue tracker on github with the title `Don't always make assert forall assume the antecedent`. If no one opens such an issue, we'll soon change the behavior of Verus to always assume the antecedent of the outermost implication

warning: using ==> in `assert forall` does not currently assume the antecedent in the body; consider using `implies` instead of `==>`
    --> commit_segment.rs:1849:17
     |
1849 |                 assert forall |pid: PageId| #[trigger] local.page_organization.pages.dom().contains(pid) ==>
     |                 ^^^^^^
     |
     = help: If you didn't mean to assume the antecedent, we're very curious to hear why! To tell us, please open an issue on the Verus issue tracker on github with the title `Don't always make assert forall assume the antecedent`. If no one opens such an issue, we'll soon change the behavior of Verus to always assume the antecedent of the outermost implication

warning: using ==> in `assert forall` does not currently assume the antecedent in the body; consider using `implies` instead of `==>`
    --> commit_segment.rs:1851:17
     |
1851 |                 assert forall |pid: PageId| #[trigger] local.page_organization.pages.dom().contains(pid) ==>
     |                 ^^^^^^
     |
     = help: If you didn't mean to assume the antecedent, we're very curious to hear why! To tell us, please open an issue on the Verus issue tracker on github with the title `Don't always make assert forall assume the antecedent`. If no one opens such an issue, we'll soon change the behavior of Verus to always assume the antecedent of the outermost implication

warning: using ==> in `assert forall` does not currently assume the antecedent in the body; consider using `implies` instead of `==>`
    --> commit_segment.rs:1853:17
     |
1853 |                 assert forall |pid: PageId| #[trigger] local.page_organization.pages.dom().contains(pid) ==>
     |                 ^^^^^^
     |
     = help: If you didn't mean to assume the antecedent, we're very curious to hear why! To tell us, please open an issue on the Verus issue tracker on github with the title `Don't always make assert forall assume the antecedent`. If no one opens such an issue, we'll soon change the behavior of Verus to always assume the antecedent of the outermost implication

warning: using ==> in `assert forall` does not currently assume the antecedent in the body; consider using `implies` instead of `==>`
    --> page.rs:1103:9
     |
1103 |         assert forall |pid: PageId| #[trigger] local.pages.dom().contains(pid) implies
     |         ^^^^^^
     |
     = help: If you didn't mean to assume the antecedent, we're very curious to hear why! To tell us, please open an issue on the Verus issue tracker on github with the title `Don't always make assert forall assume the antecedent`. If no one opens such an issue, we'll soon change the behavior of Verus to always assume the antecedent of the outermost implication

warning: using ==> in `assert forall` does not currently assume the antecedent in the body; consider using `implies` instead of `==>`
    --> page.rs:1171:9
     |
1171 |         assert forall |pid: PageId| #[trigger] local.pages.dom().contains(pid) implies
     |         ^^^^^^
     |
     = help: If you didn't mean to assume the antecedent, we're very curious to hear why! To tell us, please open an issue on the Verus issue tracker on github with the title `Don't always make assert forall assume the antecedent`. If no one opens such an issue, we'll soon change the behavior of Verus to always assume the antecedent of the outermost implication

warning: using ==> in `assert forall` does not currently assume the antecedent in the body; consider using `implies` instead of `==>`
   --> queues.rs:397:9
    |
397 |         assert forall |pid: PageId| #[trigger] local.pages.dom().contains(pid) implies
    |         ^^^^^^
    |
    = help: If you didn't mean to assume the antecedent, we're very curious to hear why! To tell us, please open an issue on the Verus issue tracker on github with the title `Don't always make assert forall assume the antecedent`. If no one opens such an issue, we'll soon change the behavior of Verus to always assume the antecedent of the outermost implication

warning: using ==> in `assert forall` does not currently assume the antecedent in the body; consider using `implies` instead of `==>`
   --> queues.rs:401:9
    |
401 |         assert forall |pid: PageId| #[trigger] local.pages.dom().contains(pid) implies
    |         ^^^^^^
    |
    = help: If you didn't mean to assume the antecedent, we're very curious to hear why! To tell us, please open an issue on the Verus issue tracker on github with the title `Don't always make assert forall assume the antecedent`. If no one opens such an issue, we'll soon change the behavior of Verus to always assume the antecedent of the outermost implication

warning: using ==> in `assert forall` does not currently assume the antecedent in the body; consider using `implies` instead of `==>`
   --> queues.rs:670:9
    |
670 |         assert forall |pid: PageId| #[trigger] local.pages.dom().contains(pid) implies
    |         ^^^^^^
    |
    = help: If you didn't mean to assume the antecedent, we're very curious to hear why! To tell us, please open an issue on the Verus issue tracker on github with the title `Don't always make assert forall assume the antecedent`. If no one opens such an issue, we'll soon change the behavior of Verus to always assume the antecedent of the outermost implication

warning: using ==> in `assert forall` does not currently assume the antecedent in the body; consider using `implies` instead of `==>`
   --> queues.rs:674:9
    |
674 |         assert forall |pid: PageId| #[trigger] local.pages.dom().contains(pid) implies
    |         ^^^^^^
    |
    = help: If you didn't mean to assume the antecedent, we're very curious to hear why! To tell us, please open an issue on the Verus issue tracker on github with the title `Don't always make assert forall assume the antecedent`. If no one opens such an issue, we'll soon change the behavior of Verus to always assume the antecedent of the outermost implication

warning: using ==> in `assert forall` does not currently assume the antecedent in the body; consider using `implies` instead of `==>`
   --> queues.rs:987:9
    |
987 |         assert forall |pid: PageId| #[trigger] local.pages.dom().contains(pid) implies
    |         ^^^^^^
    |
    = help: If you didn't mean to assume the antecedent, we're very curious to hear why! To tell us, please open an issue on the Verus issue tracker on github with the title `Don't always make assert forall assume the antecedent`. If no one opens such an issue, we'll soon change the behavior of Verus to always assume the antecedent of the outermost implication

warning: using ==> in `assert forall` does not currently assume the antecedent in the body; consider using `implies` instead of `==>`
   --> queues.rs:991:9
    |
991 |         assert forall |pid: PageId| #[trigger] local.pages.dom().contains(pid) implies
    |         ^^^^^^
    |
    = help: If you didn't mean to assume the antecedent, we're very curious to hear why! To tell us, please open an issue on the Verus issue tracker on github with the title `Don't always make assert forall assume the antecedent`. If no one opens such an issue, we'll soon change the behavior of Verus to always assume the antecedent of the outermost implication

verification results:: 1384 verified, 0 errors
warning: 281 warnings emitted

(use --output-json for machine-readable output)
verus-build-info
Verus
  Version: 0.2026.06.28.1847ab3
  Profile: release
  Platform: linux_x86_64
  Toolchain: 1.96.0-x86_64-unknown-linux-gnu

total-time:           72481 ms    (estimated total cpu time 315206 ms)
    rust-time:               12485 ms
        init-and-types:           8467 ms
        trait-conflicts:            87 ms
        compile-time:             3930 ms
    verification-time:       58327 ms
        vir-time:                 7262 ms
            hir-time:                  916 ms
            import-time:               200 ms
            rust-to-vir:              1552 ms
        verify-crate-time:       51064 ms
    unaccounted-time:         1667 ms

verify-crate-time-breakdown
    total verify-time:         293252 ms   (63 threads)
        total air-time:             80140 ms   (63 threads)
        total smt-time:            157035 ms   (63 threads)
            total smt-init:                40 ms,   541385 rlimit (63 threads)
            total smt-run:             156995 ms, 682374219 rlimit (63 threads)
