warning: #[verus_spec] is likely used inside a verus! block.
                     Consider move it out of verus! or remove #[verus_spec].
   --> init.rs:113:1
    |
113 | #[verus_verify]
    | ^^^^^^^^^^^^^^^
    |
    = note: this warning originates in the attribute macro `verus_spec` (in Nightly builds, run with -Z macro-backtrace for more info)

warning: #[verus_spec] is likely used inside a verus! block.
                     Consider move it out of verus! or remove #[verus_spec].
   --> init.rs:284:9
    |
284 |         reveal(Global::wf);
    |         ^^^^^^
    |
    = note: this warning originates in the attribute macro `verus_spec` (in Nightly builds, run with -Z macro-backtrace for more info)

warning: #[verus_spec] is likely used inside a verus! block.
                     Consider move it out of verus! or remove #[verus_spec].
   --> init.rs:295:9
    |
295 |         reveal(HeapSharedAccess::wf2);
    |         ^^^^^^
    |
    = note: this warning originates in the attribute macro `verus_spec` (in Nightly builds, run with -Z macro-backtrace for more info)

warning: #[verus_spec] is likely used inside a verus! block.
                     Consider move it out of verus! or remove #[verus_spec].
   --> init.rs:296:9
    |
296 |         reveal(HeapSharedAccess::wf);
    |         ^^^^^^
    |
    = note: this warning originates in the attribute macro `verus_spec` (in Nightly builds, run with -Z macro-backtrace for more info)

warning: #[verus_spec] is likely used inside a verus! block.
                     Consider move it out of verus! or remove #[verus_spec].
   --> init.rs:297:9
    |
297 |         reveal(Heap::wf);
    |         ^^^^^^
    |
    = note: this warning originates in the attribute macro `verus_spec` (in Nightly builds, run with -Z macro-backtrace for more info)

warning: #[verus_spec] is likely used inside a verus! block.
                     Consider move it out of verus! or remove #[verus_spec].
   --> init.rs:298:9
    |
298 |         reveal(TldPtr::wf);
    |         ^^^^^^
    |
    = note: this warning originates in the attribute macro `verus_spec` (in Nightly builds, run with -Z macro-backtrace for more info)

warning: #[verus_spec] is likely used inside a verus! block.
                     Consider move it out of verus! or remove #[verus_spec].
   --> init.rs:299:9
    |
299 |         reveal(is_heap_ptr);
    |         ^^^^^^
    |
    = note: this warning originates in the attribute macro `verus_spec` (in Nightly builds, run with -Z macro-backtrace for more info)

warning: #[verus_spec] is likely used inside a verus! block.
                     Consider move it out of verus! or remove #[verus_spec].
   --> init.rs:300:9
    |
300 |         reveal(is_tld_ptr);
    |         ^^^^^^
    |
    = note: this warning originates in the attribute macro `verus_spec` (in Nightly builds, run with -Z macro-backtrace for more info)

warning: #[verus_spec] is likely used inside a verus! block.
                     Consider move it out of verus! or remove #[verus_spec].
   --> init.rs:360:9
    |
360 |         reveal(Local::wf);
    |         ^^^^^^
    |
    = note: this warning originates in the attribute macro `verus_spec` (in Nightly builds, run with -Z macro-backtrace for more info)

warning: #[verus_spec] is likely used inside a verus! block.
                     Consider move it out of verus! or remove #[verus_spec].
   --> init.rs:361:9
    |
361 |         reveal(Local::wf_main);
    |         ^^^^^^
    |
    = note: this warning originates in the attribute macro `verus_spec` (in Nightly builds, run with -Z macro-backtrace for more info)

warning: #[verus_spec] is likely used inside a verus! block.
                     Consider move it out of verus! or remove #[verus_spec].
   --> init.rs:362:9
    |
362 |         reveal(Local::page_organization_valid);
    |         ^^^^^^
    |
    = note: this warning originates in the attribute macro `verus_spec` (in Nightly builds, run with -Z macro-backtrace for more info)

warning: #[verus_spec] is likely used inside a verus! block.
                     Consider move it out of verus! or remove #[verus_spec].
   --> init.rs:363:9
    |
363 |         reveal(HeapPtr::wf);
    |         ^^^^^^
    |
    = note: this warning originates in the attribute macro `verus_spec` (in Nightly builds, run with -Z macro-backtrace for more info)

warning: #[verus_spec] is likely used inside a verus! block.
                     Consider move it out of verus! or remove #[verus_spec].
   --> init.rs:364:9
    |
364 |         reveal(HeapPtr::is_in);
    |         ^^^^^^
    |
    = note: this warning originates in the attribute macro `verus_spec` (in Nightly builds, run with -Z macro-backtrace for more info)

warning: #[verus_spec] is likely used inside a verus! block.
                     Consider move it out of verus! or remove #[verus_spec].
   --> init.rs:365:9
    |
365 |         reveal(HeapSharedAccess::wf2);
    |         ^^^^^^
    |
    = note: this warning originates in the attribute macro `verus_spec` (in Nightly builds, run with -Z macro-backtrace for more info)

warning: #[verus_spec] is likely used inside a verus! block.
                     Consider move it out of verus! or remove #[verus_spec].
   --> init.rs:366:9
    |
366 |         reveal(HeapSharedAccess::wf);
    |         ^^^^^^
    |
    = note: this warning originates in the attribute macro `verus_spec` (in Nightly builds, run with -Z macro-backtrace for more info)

warning: #[verus_spec] is likely used inside a verus! block.
                     Consider move it out of verus! or remove #[verus_spec].
   --> init.rs:367:9
    |
367 |         reveal(Heap::wf);
    |         ^^^^^^
    |
    = note: this warning originates in the attribute macro `verus_spec` (in Nightly builds, run with -Z macro-backtrace for more info)

warning: #[verus_spec] is likely used inside a verus! block.
                     Consider move it out of verus! or remove #[verus_spec].
   --> init.rs:372:9
    |
372 |         reveal(HeapLocalAccess::wf);
    |         ^^^^^^
    |
    = note: this warning originates in the attribute macro `verus_spec` (in Nightly builds, run with -Z macro-backtrace for more info)

warning: #[verus_spec] is likely used inside a verus! block.
                     Consider move it out of verus! or remove #[verus_spec].
   --> init.rs:373:9
    |
373 |         reveal(HeapLocalAccess::wf_basic);
    |         ^^^^^^
    |
    = note: this warning originates in the attribute macro `verus_spec` (in Nightly builds, run with -Z macro-backtrace for more info)

warning: #[verus_spec] is likely used inside a verus! block.
                     Consider move it out of verus! or remove #[verus_spec].
   --> init.rs:374:9
    |
374 |         reveal(pages_free_direct_is_correct);
    |         ^^^^^^
    |
    = note: this warning originates in the attribute macro `verus_spec` (in Nightly builds, run with -Z macro-backtrace for more info)

warning: #[verus_spec] is likely used inside a verus! block.
                     Consider move it out of verus! or remove #[verus_spec].
   --> init.rs:375:9
    |
375 |         reveal(pages_free_direct_match);
    |         ^^^^^^
    |
    = note: this warning originates in the attribute macro `verus_spec` (in Nightly builds, run with -Z macro-backtrace for more info)

warning: #[verus_spec] is likely used inside a verus! block.
                     Consider move it out of verus! or remove #[verus_spec].
   --> init.rs:429:5
    |
429 |     #[verus_verify]
    |     ^^^^^^^^^^^^^^^
    |
    = note: this warning originates in the attribute macro `verus_spec` (in Nightly builds, run with -Z macro-backtrace for more info)

warning: #[verus_spec] is likely used inside a verus! block.
                     Consider move it out of verus! or remove #[verus_spec].
   --> init.rs:473:1
    |
473 | #[verus_verify]
    | ^^^^^^^^^^^^^^^
    |
    = note: this warning originates in the attribute macro `verus_spec` (in Nightly builds, run with -Z macro-backtrace for more info)

warning: #[verus_spec] is likely used inside a verus! block.
                     Consider move it out of verus! or remove #[verus_spec].
   --> init.rs:573:9
    |
573 |         reveal(size_of_bin);
    |         ^^^^^^
    |
    = note: this warning originates in the attribute macro `verus_spec` (in Nightly builds, run with -Z macro-backtrace for more info)

warning: #[verus_spec] is likely used inside a verus! block.
                     Consider move it out of verus! or remove #[verus_spec].
   --> init.rs:880:1
    |
880 | #[verus_verify]
    | ^^^^^^^^^^^^^^^
    |
    = note: this warning originates in the attribute macro `verus_spec` (in Nightly builds, run with -Z macro-backtrace for more info)

warning: #[verus_spec] is likely used inside a verus! block.
                     Consider move it out of verus! or remove #[verus_spec].
    --> init.rs:1019:1
     |
1019 | #[verus_verify]
     | ^^^^^^^^^^^^^^^
     |
     = note: this warning originates in the attribute macro `verus_spec` (in Nightly builds, run with -Z macro-backtrace for more info)

warning: #[verus_spec] is likely used inside a verus! block.
                     Consider move it out of verus! or remove #[verus_spec].
    --> init.rs:1061:1
     |
1061 | #[verus_verify]
     | ^^^^^^^^^^^^^^^
     |
     = note: this warning originates in the attribute macro `verus_spec` (in Nightly builds, run with -Z macro-backtrace for more info)

warning: #[verus_spec] is likely used inside a verus! block.
                     Consider move it out of verus! or remove #[verus_spec].
    --> init.rs:1212:1
     |
1212 | #[verus_verify]
     | ^^^^^^^^^^^^^^^
     |
     = note: this warning originates in the attribute macro `verus_spec` (in Nightly builds, run with -Z macro-backtrace for more info)

warning: #[verus_spec] is likely used inside a verus! block.
                     Consider move it out of verus! or remove #[verus_spec].
    --> init.rs:1291:9
     |
1291 |         reveal(EmptyPageStuff::wf);
     |         ^^^^^^
     |
     = note: this warning originates in the attribute macro `verus_spec` (in Nightly builds, run with -Z macro-backtrace for more info)

warning: #[verus_spec] is likely used inside a verus! block.
                     Consider move it out of verus! or remove #[verus_spec].
    --> init.rs:1346:1
     |
1346 | #[verus_verify]
     | ^^^^^^^^^^^^^^^
     |
     = note: this warning originates in the attribute macro `verus_spec` (in Nightly builds, run with -Z macro-backtrace for more info)

warning: #[verus_spec] is likely used inside a verus! block.
                     Consider move it out of verus! or remove #[verus_spec].
    --> init.rs:1353:1
     |
1353 | #[verus_verify]
     | ^^^^^^^^^^^^^^^
     |
     = note: this warning originates in the attribute macro `verus_spec` (in Nightly builds, run with -Z macro-backtrace for more info)

warning: #[verus_spec] is likely used inside a verus! block.
                     Consider move it out of verus! or remove #[verus_spec].
    --> queues.rs:1204:1
     |
1204 | #[verus_verify]
     | ^^^^^^^^^^^^^^^
     |
     = note: this warning originates in the attribute macro `verus_spec` (in Nightly builds, run with -Z macro-backtrace for more info)

warning: #[verus_spec] is likely used inside a verus! block.
                     Consider move it out of verus! or remove #[verus_spec].
    --> queues.rs:1320:21
     |
1320 |                     reveal(pages_free_direct_match);
     |                     ^^^^^^
     |
     = note: this warning originates in the attribute macro `verus_spec` (in Nightly builds, run with -Z macro-backtrace for more info)

warning: #[verus_spec] is likely used inside a verus! block.
                     Consider move it out of verus! or remove #[verus_spec].
    --> queues.rs:1369:21
     |
1369 |                     reveal(size_of_bin);
     |                     ^^^^^^
     |
     = note: this warning originates in the attribute macro `verus_spec` (in Nightly builds, run with -Z macro-backtrace for more info)

warning: #[verus_spec] is likely used inside a verus! block.
                     Consider move it out of verus! or remove #[verus_spec].
    --> queues.rs:1398:13
     |
1398 |             reveal(pages_free_direct_match);
     |             ^^^^^^
     |
     = note: this warning originates in the attribute macro `verus_spec` (in Nightly builds, run with -Z macro-backtrace for more info)

warning: #[verus_spec] is likely used inside a verus! block.
                     Consider move it out of verus! or remove #[verus_spec].
  --> queues.rs:27:1
   |
27 | #[verus_verify]
   | ^^^^^^^^^^^^^^^
   |
   = note: this warning originates in the attribute macro `verus_spec` (in Nightly builds, run with -Z macro-backtrace for more info)

warning: #[verus_spec] is likely used inside a verus! block.
                     Consider move it out of verus! or remove #[verus_spec].
  --> queues.rs:72:9
   |
72 |         reveal(PageOrg::State::valid_used_page);
   |         ^^^^^^
   |
   = note: this warning originates in the attribute macro `verus_spec` (in Nightly builds, run with -Z macro-backtrace for more info)

warning: #[verus_spec] is likely used inside a verus! block.
                     Consider move it out of verus! or remove #[verus_spec].
  --> queues.rs:73:9
   |
73 |         reveal(PageOrg::State::ll_basics);
   |         ^^^^^^
   |
   = note: this warning originates in the attribute macro `verus_spec` (in Nightly builds, run with -Z macro-backtrace for more info)

warning: #[verus_spec] is likely used inside a verus! block.
                     Consider move it out of verus! or remove #[verus_spec].
   --> queues.rs:156:17
    |
156 |                 reveal(PageOrg::State::valid_used_page);
    |                 ^^^^^^
    |
    = note: this warning originates in the attribute macro `verus_spec` (in Nightly builds, run with -Z macro-backtrace for more info)

warning: #[verus_spec] is likely used inside a verus! block.
                     Consider move it out of verus! or remove #[verus_spec].
   --> queues.rs:169:9
    |
169 |         reveal(Local::page_organization_valid);
    |         ^^^^^^
    |
    = note: this warning originates in the attribute macro `verus_spec` (in Nightly builds, run with -Z macro-backtrace for more info)

warning: #[verus_spec] is likely used inside a verus! block.
                     Consider move it out of verus! or remove #[verus_spec].
   --> queues.rs:201:9
    |
201 |         reveal(Local::wf_main_for_page_access);
    |         ^^^^^^
    |
    = note: this warning originates in the attribute macro `verus_spec` (in Nightly builds, run with -Z macro-backtrace for more info)

warning: #[verus_spec] is likely used inside a verus! block.
                     Consider move it out of verus! or remove #[verus_spec].
   --> queues.rs:203:9
    |
203 |         reveal(Local::wf);
    |         ^^^^^^
    |
    = note: this warning originates in the attribute macro `verus_spec` (in Nightly builds, run with -Z macro-backtrace for more info)

warning: #[verus_spec] is likely used inside a verus! block.
                     Consider move it out of verus! or remove #[verus_spec].
   --> queues.rs:204:9
    |
204 |         reveal(Local::wf_main);
    |         ^^^^^^
    |
    = note: this warning originates in the attribute macro `verus_spec` (in Nightly builds, run with -Z macro-backtrace for more info)

warning: #[verus_spec] is likely used inside a verus! block.
                     Consider move it out of verus! or remove #[verus_spec].
   --> queues.rs:205:9
    |
205 |         reveal(HeapLocalAccess::wf);
    |         ^^^^^^
    |
    = note: this warning originates in the attribute macro `verus_spec` (in Nightly builds, run with -Z macro-backtrace for more info)

warning: #[verus_spec] is likely used inside a verus! block.
                     Consider move it out of verus! or remove #[verus_spec].
   --> queues.rs:206:9
    |
206 |         reveal(pages_free_direct_is_correct);
    |         ^^^^^^
    |
    = note: this warning originates in the attribute macro `verus_spec` (in Nightly builds, run with -Z macro-backtrace for more info)

warning: #[verus_spec] is likely used inside a verus! block.
                     Consider move it out of verus! or remove #[verus_spec].
   --> queues.rs:207:9
    |
207 |         reveal(pages_free_direct_match);
    |         ^^^^^^
    |
    = note: this warning originates in the attribute macro `verus_spec` (in Nightly builds, run with -Z macro-backtrace for more info)

warning: #[verus_spec] is likely used inside a verus! block.
                     Consider move it out of verus! or remove #[verus_spec].
   --> queues.rs:290:29
    |
290 | ...                   reveal(pages_free_direct_match);
    |                       ^^^^^^
    |
    = note: this warning originates in the attribute macro `verus_spec` (in Nightly builds, run with -Z macro-backtrace for more info)

warning: #[verus_spec] is likely used inside a verus! block.
                     Consider move it out of verus! or remove #[verus_spec].
   --> queues.rs:373:17
    |
373 |                 reveal(Local::is_used_primary);
    |                 ^^^^^^
    |
    = note: this warning originates in the attribute macro `verus_spec` (in Nightly builds, run with -Z macro-backtrace for more info)

warning: #[verus_spec] is likely used inside a verus! block.
                     Consider move it out of verus! or remove #[verus_spec].
   --> queues.rs:416:1
    |
416 | #[verus_verify]
    | ^^^^^^^^^^^^^^^
    |
    = note: this warning originates in the attribute macro `verus_spec` (in Nightly builds, run with -Z macro-backtrace for more info)

warning: #[verus_spec] is likely used inside a verus! block.
                     Consider move it out of verus! or remove #[verus_spec].
   --> queues.rs:450:9
    |
450 |         reveal(PageOrg::State::ll_basics);
    |         ^^^^^^
    |
    = note: this warning originates in the attribute macro `verus_spec` (in Nightly builds, run with -Z macro-backtrace for more info)

warning: #[verus_spec] is likely used inside a verus! block.
                     Consider move it out of verus! or remove #[verus_spec].
   --> queues.rs:451:9
    |
451 |         reveal(PageOrg::State::inv_used);
    |         ^^^^^^
    |
    = note: this warning originates in the attribute macro `verus_spec` (in Nightly builds, run with -Z macro-backtrace for more info)

warning: #[verus_spec] is likely used inside a verus! block.
                     Consider move it out of verus! or remove #[verus_spec].
   --> queues.rs:505:9
    |
505 |         reveal(Local::page_organization_valid);
    |         ^^^^^^
    |
    = note: this warning originates in the attribute macro `verus_spec` (in Nightly builds, run with -Z macro-backtrace for more info)

warning: #[verus_spec] is likely used inside a verus! block.
                     Consider move it out of verus! or remove #[verus_spec].
   --> queues.rs:532:9
    |
532 |         reveal(Local::wf);
    |         ^^^^^^
    |
    = note: this warning originates in the attribute macro `verus_spec` (in Nightly builds, run with -Z macro-backtrace for more info)

warning: #[verus_spec] is likely used inside a verus! block.
                     Consider move it out of verus! or remove #[verus_spec].
   --> queues.rs:533:9
    |
533 |         reveal(Local::wf_main);
    |         ^^^^^^
    |
    = note: this warning originates in the attribute macro `verus_spec` (in Nightly builds, run with -Z macro-backtrace for more info)

warning: #[verus_spec] is likely used inside a verus! block.
                     Consider move it out of verus! or remove #[verus_spec].
   --> queues.rs:534:9
    |
534 |         reveal(HeapLocalAccess::wf);
    |         ^^^^^^
    |
    = note: this warning originates in the attribute macro `verus_spec` (in Nightly builds, run with -Z macro-backtrace for more info)

warning: #[verus_spec] is likely used inside a verus! block.
                     Consider move it out of verus! or remove #[verus_spec].
   --> queues.rs:535:9
    |
535 |         reveal(pages_free_direct_is_correct);
    |         ^^^^^^
    |
    = note: this warning originates in the attribute macro `verus_spec` (in Nightly builds, run with -Z macro-backtrace for more info)

warning: #[verus_spec] is likely used inside a verus! block.
                     Consider move it out of verus! or remove #[verus_spec].
   --> queues.rs:536:9
    |
536 |         reveal(pages_free_direct_match);
    |         ^^^^^^
    |
    = note: this warning originates in the attribute macro `verus_spec` (in Nightly builds, run with -Z macro-backtrace for more info)

warning: #[verus_spec] is likely used inside a verus! block.
                     Consider move it out of verus! or remove #[verus_spec].
   --> queues.rs:689:17
    |
689 |                 reveal(Local::is_used_primary);
    |                 ^^^^^^
    |
    = note: this warning originates in the attribute macro `verus_spec` (in Nightly builds, run with -Z macro-backtrace for more info)

warning: #[verus_spec] is likely used inside a verus! block.
                     Consider move it out of verus! or remove #[verus_spec].
    --> page.rs:1508:1
     |
1508 | #[verus_verify]
     | ^^^^^^^^^^^^^^^
     |
     = note: this warning originates in the attribute macro `verus_spec` (in Nightly builds, run with -Z macro-backtrace for more info)

warning: #[verus_spec] is likely used inside a verus! block.
                     Consider move it out of verus! or remove #[verus_spec].
    --> page.rs:1236:1
     |
1236 | #[verus_verify]
     | ^^^^^^^^^^^^^^^
     |
     = note: this warning originates in the attribute macro `verus_spec` (in Nightly builds, run with -Z macro-backtrace for more info)

warning: #[verus_spec] is likely used inside a verus! block.
                     Consider move it out of verus! or remove #[verus_spec].
    --> page.rs:1044:1
     |
1044 | #[verus_verify]
     | ^^^^^^^^^^^^^^^
     |
     = note: this warning originates in the attribute macro `verus_spec` (in Nightly builds, run with -Z macro-backtrace for more info)

warning: #[verus_spec] is likely used inside a verus! block.
                     Consider move it out of verus! or remove #[verus_spec].
   --> page.rs:972:1
    |
972 | #[verus_verify]
    | ^^^^^^^^^^^^^^^
    |
    = note: this warning originates in the attribute macro `verus_spec` (in Nightly builds, run with -Z macro-backtrace for more info)

warning: #[verus_spec] is likely used inside a verus! block.
                     Consider move it out of verus! or remove #[verus_spec].
  --> os_alloc.rs:71:1
   |
71 | #[verus_verify]
   | ^^^^^^^^^^^^^^^
   |
   = note: this warning originates in the attribute macro `verus_spec` (in Nightly builds, run with -Z macro-backtrace for more info)

warning: #[verus_spec] is likely used inside a verus! block.
                     Consider move it out of verus! or remove #[verus_spec].
   --> os_alloc.rs:409:1
    |
409 | #[verus_verify]
    | ^^^^^^^^^^^^^^^
    |
    = note: this warning originates in the attribute macro `verus_spec` (in Nightly builds, run with -Z macro-backtrace for more info)

warning: #[verus_spec] is likely used inside a verus! block.
                     Consider move it out of verus! or remove #[verus_spec].
   --> os_alloc.rs:468:1
    |
468 | #[verus_verify]
    | ^^^^^^^^^^^^^^^
    |
    = note: this warning originates in the attribute macro `verus_spec` (in Nightly builds, run with -Z macro-backtrace for more info)

warning: #[verus_spec] is likely used inside a verus! block.
                     Consider move it out of verus! or remove #[verus_spec].
   --> os_alloc.rs:475:1
    |
475 | #[verus_verify]
    | ^^^^^^^^^^^^^^^
    |
    = note: this warning originates in the attribute macro `verus_spec` (in Nightly builds, run with -Z macro-backtrace for more info)

warning: #[verus_spec] is likely used inside a verus! block.
                     Consider move it out of verus! or remove #[verus_spec].
   --> os_alloc.rs:485:1
    |
485 | #[verus_verify]
    | ^^^^^^^^^^^^^^^
    |
    = note: this warning originates in the attribute macro `verus_spec` (in Nightly builds, run with -Z macro-backtrace for more info)

warning: #[verus_spec] is likely used inside a verus! block.
                     Consider move it out of verus! or remove #[verus_spec].
   --> os_commit.rs:182:1
    |
182 | #[verus_verify]
    | ^^^^^^^^^^^^^^^
    |
    = note: this warning originates in the attribute macro `verus_spec` (in Nightly builds, run with -Z macro-backtrace for more info)

warning: #[verus_spec] is likely used inside a verus! block.
                     Consider move it out of verus! or remove #[verus_spec].
   --> commit_segment.rs:564:1
    |
564 | #[verus_verify]
    | ^^^^^^^^^^^^^^^
    |
    = note: this warning originates in the attribute macro `verus_spec` (in Nightly builds, run with -Z macro-backtrace for more info)

warning: #[verus_spec] is likely used inside a verus! block.
                     Consider move it out of verus! or remove #[verus_spec].
   --> commit_segment.rs:586:1
    |
586 | #[verus_verify]
    | ^^^^^^^^^^^^^^^
    |
    = note: this warning originates in the attribute macro `verus_spec` (in Nightly builds, run with -Z macro-backtrace for more info)

warning: #[verus_spec] is likely used inside a verus! block.
                     Consider move it out of verus! or remove #[verus_spec].
   --> commit_segment.rs:969:1
    |
969 | #[verus_verify]
    | ^^^^^^^^^^^^^^^
    |
    = note: this warning originates in the attribute macro `verus_spec` (in Nightly builds, run with -Z macro-backtrace for more info)

warning: #[verus_spec] is likely used inside a verus! block.
                     Consider move it out of verus! or remove #[verus_spec].
    --> commit_segment.rs:1821:1
     |
1821 | #[verus_verify]
     | ^^^^^^^^^^^^^^^
     |
     = note: this warning originates in the attribute macro `verus_spec` (in Nightly builds, run with -Z macro-backtrace for more info)

warning: #[verus_spec] is likely used inside a verus! block.
                     Consider move it out of verus! or remove #[verus_spec].
   --> segment.rs:365:1
    |
365 | #[verus_verify]
    | ^^^^^^^^^^^^^^^
    |
    = note: this warning originates in the attribute macro `verus_spec` (in Nightly builds, run with -Z macro-backtrace for more info)

warning: #[verus_spec] is likely used inside a verus! block.
                     Consider move it out of verus! or remove #[verus_spec].
   --> segment.rs:402:1
    |
402 | #[verus_verify]
    | ^^^^^^^^^^^^^^^
    |
    = note: this warning originates in the attribute macro `verus_spec` (in Nightly builds, run with -Z macro-backtrace for more info)

warning: #[verus_spec] is likely used inside a verus! block.
                     Consider move it out of verus! or remove #[verus_spec].
   --> segment.rs:485:17
    |
485 |                 reveal(PageOrg::State::valid_unused_page);
    |                 ^^^^^^
    |
    = note: this warning originates in the attribute macro `verus_spec` (in Nightly builds, run with -Z macro-backtrace for more info)

warning: #[verus_spec] is likely used inside a verus! block.
                     Consider move it out of verus! or remove #[verus_spec].
   --> segment.rs:494:17
    |
494 |                 reveal(PageOrg::State::valid_unused_page);
    |                 ^^^^^^
    |
    = note: this warning originates in the attribute macro `verus_spec` (in Nightly builds, run with -Z macro-backtrace for more info)

warning: #[verus_spec] is likely used inside a verus! block.
                     Consider move it out of verus! or remove #[verus_spec].
   --> segment.rs:621:1
    |
621 | #[verus_verify]
    | ^^^^^^^^^^^^^^^
    |
    = note: this warning originates in the attribute macro `verus_spec` (in Nightly builds, run with -Z macro-backtrace for more info)

warning: #[verus_spec] is likely used inside a verus! block.
                     Consider move it out of verus! or remove #[verus_spec].
   --> segment.rs:797:13
    |
797 |             reveal(Local::is_used_primary);
    |             ^^^^^^
    |
    = note: this warning originates in the attribute macro `verus_spec` (in Nightly builds, run with -Z macro-backtrace for more info)

warning: #[verus_spec] is likely used inside a verus! block.
                     Consider move it out of verus! or remove #[verus_spec].
   --> segment.rs:812:1
    |
812 | #[verus_verify]
    | ^^^^^^^^^^^^^^^
    |
    = note: this warning originates in the attribute macro `verus_spec` (in Nightly builds, run with -Z macro-backtrace for more info)

warning: #[verus_spec] is likely used inside a verus! block.
                     Consider move it out of verus! or remove #[verus_spec].
   --> segment.rs:912:13
    |
912 |             reveal(PageOrg::State::ll_basics);
    |             ^^^^^^
    |
    = note: this warning originates in the attribute macro `verus_spec` (in Nightly builds, run with -Z macro-backtrace for more info)

warning: #[verus_spec] is likely used inside a verus! block.
                     Consider move it out of verus! or remove #[verus_spec].
   --> segment.rs:913:13
    |
913 |             reveal(PageOrg::State::ll_inv_valid_unused);
    |             ^^^^^^
    |
    = note: this warning originates in the attribute macro `verus_spec` (in Nightly builds, run with -Z macro-backtrace for more info)

warning: #[verus_spec] is likely used inside a verus! block.
                     Consider move it out of verus! or remove #[verus_spec].
   --> segment.rs:914:13
    |
914 |             reveal(PageOrg::State::valid_unused_page);
    |             ^^^^^^
    |
    = note: this warning originates in the attribute macro `verus_spec` (in Nightly builds, run with -Z macro-backtrace for more info)

warning: #[verus_spec] is likely used inside a verus! block.
                     Consider move it out of verus! or remove #[verus_spec].
    --> segment.rs:1111:13
     |
1111 |             reveal(Local::is_used_primary);
     |             ^^^^^^
     |
     = note: this warning originates in the attribute macro `verus_spec` (in Nightly builds, run with -Z macro-backtrace for more info)

warning: #[verus_spec] is likely used inside a verus! block.
                     Consider move it out of verus! or remove #[verus_spec].
    --> segment.rs:1126:1
     |
1126 | #[verus_verify]
     | ^^^^^^^^^^^^^^^
     |
     = note: this warning originates in the attribute macro `verus_spec` (in Nightly builds, run with -Z macro-backtrace for more info)

warning: #[verus_spec] is likely used inside a verus! block.
                     Consider move it out of verus! or remove #[verus_spec].
    --> segment.rs:1174:9
     |
1174 |         reveal(segment_span_allocate_page_org_pre);
     |         ^^^^^^
     |
     = note: this warning originates in the attribute macro `verus_spec` (in Nightly builds, run with -Z macro-backtrace for more info)

warning: #[verus_spec] is likely used inside a verus! block.
                     Consider move it out of verus! or remove #[verus_spec].
    --> segment.rs:1727:13
     |
1727 |             reveal(page_organization_pages_match_data);
     |             ^^^^^^
     |
     = note: this warning originates in the attribute macro `verus_spec` (in Nightly builds, run with -Z macro-backtrace for more info)

warning: #[verus_spec] is likely used inside a verus! block.
                     Consider move it out of verus! or remove #[verus_spec].
    --> segment.rs:2893:1
     |
2893 | #[verus_verify]
     | ^^^^^^^^^^^^^^^
     |
     = note: this warning originates in the attribute macro `verus_spec` (in Nightly builds, run with -Z macro-backtrace for more info)

warning: #[verus_spec] is likely used inside a verus! block.
                     Consider move it out of verus! or remove #[verus_spec].
    --> segment.rs:2971:1
     |
2971 | #[verus_verify]
     | ^^^^^^^^^^^^^^^
     |
     = note: this warning originates in the attribute macro `verus_spec` (in Nightly builds, run with -Z macro-backtrace for more info)

warning: #[verus_spec] is likely used inside a verus! block.
                     Consider move it out of verus! or remove #[verus_spec].
    --> segment.rs:3461:1
     |
3461 | #[verus_verify]
     | ^^^^^^^^^^^^^^^
     |
     = note: this warning originates in the attribute macro `verus_spec` (in Nightly builds, run with -Z macro-backtrace for more info)

warning: #[verus_spec] is likely used inside a verus! block.
                     Consider move it out of verus! or remove #[verus_spec].
    --> segment.rs:3512:1
     |
3512 | #[verus_verify]
     | ^^^^^^^^^^^^^^^
     |
     = note: this warning originates in the attribute macro `verus_spec` (in Nightly builds, run with -Z macro-backtrace for more info)

warning: #[verus_spec] is likely used inside a verus! block.
                     Consider move it out of verus! or remove #[verus_spec].
    --> segment.rs:3560:9
     |
3560 |         reveal(PageOrg::State::page_id_domain);
     |         ^^^^^^
     |
     = note: this warning originates in the attribute macro `verus_spec` (in Nightly builds, run with -Z macro-backtrace for more info)

warning: #[verus_spec] is likely used inside a verus! block.
                     Consider move it out of verus! or remove #[verus_spec].
    --> segment.rs:3917:1
     |
3917 | #[verus_verify]
     | ^^^^^^^^^^^^^^^
     |
     = note: this warning originates in the attribute macro `verus_spec` (in Nightly builds, run with -Z macro-backtrace for more info)

warning: #[verus_spec] is likely used inside a verus! block.
                     Consider move it out of verus! or remove #[verus_spec].
    --> segment.rs:4217:1
     |
4217 | #[verus_verify]
     | ^^^^^^^^^^^^^^^
     |
     = note: this warning originates in the attribute macro `verus_spec` (in Nightly builds, run with -Z macro-backtrace for more info)

warning: #[verus_spec] is likely used inside a verus! block.
                     Consider move it out of verus! or remove #[verus_spec].
   --> free.rs:944:1
    |
944 | #[verus_verify]
    | ^^^^^^^^^^^^^^^
    |
    = note: this warning originates in the attribute macro `verus_spec` (in Nightly builds, run with -Z macro-backtrace for more info)

warning: #[verus_spec] is likely used inside a verus! block.
                     Consider move it out of verus! or remove #[verus_spec].
   --> free.rs:968:9
    |
968 |         reveal(Local::wf);
    |         ^^^^^^
    |
    = note: this warning originates in the attribute macro `verus_spec` (in Nightly builds, run with -Z macro-backtrace for more info)

warning: #[verus_spec] is likely used inside a verus! block.
                     Consider move it out of verus! or remove #[verus_spec].
   --> free.rs:969:9
    |
969 |         reveal(Local::wf_main);
    |         ^^^^^^
    |
    = note: this warning originates in the attribute macro `verus_spec` (in Nightly builds, run with -Z macro-backtrace for more info)

warning: #[verus_spec] is likely used inside a verus! block.
                     Consider move it out of verus! or remove #[verus_spec].
   --> free.rs:970:9
    |
970 |         reveal(MimDeallocInner::wf);
    |         ^^^^^^
    |
    = note: this warning originates in the attribute macro `verus_spec` (in Nightly builds, run with -Z macro-backtrace for more info)

warning: #[verus_spec] is likely used inside a verus! block.
                     Consider move it out of verus! or remove #[verus_spec].
   --> free.rs:971:9
    |
971 |         reveal(valid_block_token);
    |         ^^^^^^
    |
    = note: this warning originates in the attribute macro `verus_spec` (in Nightly builds, run with -Z macro-backtrace for more info)

warning: #[verus_spec] is likely used inside a verus! block.
                     Consider move it out of verus! or remove #[verus_spec].
   --> free.rs:594:1
    |
594 | #[verus_verify]
    | ^^^^^^^^^^^^^^^
    |
    = note: this warning originates in the attribute macro `verus_spec` (in Nightly builds, run with -Z macro-backtrace for more info)

warning: #[verus_spec] is likely used inside a verus! block.
                     Consider move it out of verus! or remove #[verus_spec].
   --> free.rs:662:13
    |
662 |             reveal(MimDeallocInner::wf);
    |             ^^^^^^
    |
    = note: this warning originates in the attribute macro `verus_spec` (in Nightly builds, run with -Z macro-backtrace for more info)

warning: #[verus_spec] is likely used inside a verus! block.
                     Consider move it out of verus! or remove #[verus_spec].
   --> free.rs:663:13
    |
663 |             reveal(valid_block_token);
    |             ^^^^^^
    |
    = note: this warning originates in the attribute macro `verus_spec` (in Nightly builds, run with -Z macro-backtrace for more info)

warning: #[verus_spec] is likely used inside a verus! block.
                     Consider move it out of verus! or remove #[verus_spec].
   --> free.rs:302:1
    |
302 | #[verus_verify]
    | ^^^^^^^^^^^^^^^
    |
    = note: this warning originates in the attribute macro `verus_spec` (in Nightly builds, run with -Z macro-backtrace for more info)

warning: #[verus_spec] is likely used inside a verus! block.
                     Consider move it out of verus! or remove #[verus_spec].
   --> free.rs:272:1
    |
272 | #[verus_verify]
    | ^^^^^^^^^^^^^^^
    |
    = note: this warning originates in the attribute macro `verus_spec` (in Nightly builds, run with -Z macro-backtrace for more info)

warning: #[verus_spec] is likely used inside a verus! block.
                     Consider move it out of verus! or remove #[verus_spec].
   --> free.rs:110:9
    |
110 | verus!{ #[verus_verify]
    |         ^^^^^^^^^^^^^^^
    |
    = note: this warning originates in the attribute macro `verus_spec` (in Nightly builds, run with -Z macro-backtrace for more info)

warning: #[verus_spec] is likely used inside a verus! block.
                     Consider move it out of verus! or remove #[verus_spec].
   --> alloc_generic.rs:595:1
    |
595 | #[verus_verify]
    | ^^^^^^^^^^^^^^^
    |
    = note: this warning originates in the attribute macro `verus_spec` (in Nightly builds, run with -Z macro-backtrace for more info)

warning: #[verus_spec] is likely used inside a verus! block.
                     Consider move it out of verus! or remove #[verus_spec].
  --> alloc_fast.rs:32:1
   |
32 | #[verus_verify]
   | ^^^^^^^^^^^^^^^
   |
   = note: this warning originates in the attribute macro `verus_spec` (in Nightly builds, run with -Z macro-backtrace for more info)

warning: #[verus_spec] is likely used inside a verus! block.
                     Consider move it out of verus! or remove #[verus_spec].
  --> alloc_fast.rs:57:1
   |
57 | #[verus_verify]
   | ^^^^^^^^^^^^^^^
   |
   = note: this warning originates in the attribute macro `verus_spec` (in Nightly builds, run with -Z macro-backtrace for more info)

warning: #[verus_spec] is likely used inside a verus! block.
                     Consider move it out of verus! or remove #[verus_spec].
   --> commit_mask.rs:455:5
    |
455 |     #[verus_verify]
    |     ^^^^^^^^^^^^^^^
    |
    = note: this warning originates in the attribute macro `verus_spec` (in Nightly builds, run with -Z macro-backtrace for more info)

warning: #[verus_spec] is likely used inside a verus! block.
                     Consider move it out of verus! or remove #[verus_spec].
   --> commit_mask.rs:467:5
    |
467 |     #[verus_verify]
    |     ^^^^^^^^^^^^^^^
    |
    = note: this warning originates in the attribute macro `verus_spec` (in Nightly builds, run with -Z macro-backtrace for more info)

warning: #[verus_spec] is likely used inside a verus! block.
                     Consider move it out of verus! or remove #[verus_spec].
   --> commit_mask.rs:515:5
    |
515 |     #[verus_verify]
    |     ^^^^^^^^^^^^^^^
    |
    = note: this warning originates in the attribute macro `verus_spec` (in Nightly builds, run with -Z macro-backtrace for more info)

warning: #[verus_spec] is likely used inside a verus! block.
                     Consider move it out of verus! or remove #[verus_spec].
   --> commit_mask.rs:532:5
    |
532 |     #[verus_verify]
    |     ^^^^^^^^^^^^^^^
    |
    = note: this warning originates in the attribute macro `verus_spec` (in Nightly builds, run with -Z macro-backtrace for more info)

warning: #[verus_spec] is likely used inside a verus! block.
                     Consider move it out of verus! or remove #[verus_spec].
   --> commit_mask.rs:619:5
    |
619 |     #[verus_verify]
    |     ^^^^^^^^^^^^^^^
    |
    = note: this warning originates in the attribute macro `verus_spec` (in Nightly builds, run with -Z macro-backtrace for more info)

warning: #[verus_spec] is likely used inside a verus! block.
                     Consider move it out of verus! or remove #[verus_spec].
   --> commit_mask.rs:664:5
    |
664 |     #[verus_verify]
    |     ^^^^^^^^^^^^^^^
    |
    = note: this warning originates in the attribute macro `verus_spec` (in Nightly builds, run with -Z macro-backtrace for more info)

warning: #[verus_spec] is likely used inside a verus! block.
                     Consider move it out of verus! or remove #[verus_spec].
   --> commit_mask.rs:917:5
    |
917 |     #[verus_verify]
    |     ^^^^^^^^^^^^^^^
    |
    = note: this warning originates in the attribute macro `verus_spec` (in Nightly builds, run with -Z macro-backtrace for more info)

warning: #[verus_spec] is likely used inside a verus! block.
                     Consider move it out of verus! or remove #[verus_spec].
   --> commit_mask.rs:935:5
    |
935 |     #[verus_verify]
    |     ^^^^^^^^^^^^^^^
    |
    = note: this warning originates in the attribute macro `verus_spec` (in Nightly builds, run with -Z macro-backtrace for more info)

warning: #[verus_spec] is likely used inside a verus! block.
                     Consider move it out of verus! or remove #[verus_spec].
   --> commit_mask.rs:983:5
    |
983 |     #[verus_verify]
    |     ^^^^^^^^^^^^^^^
    |
    = note: this warning originates in the attribute macro `verus_spec` (in Nightly builds, run with -Z macro-backtrace for more info)

warning: #[verus_spec] is likely used inside a verus! block.
                     Consider move it out of verus! or remove #[verus_spec].
    --> commit_mask.rs:1328:5
     |
1328 |     #[verus_verify]
     |     ^^^^^^^^^^^^^^^
     |
     = note: this warning originates in the attribute macro `verus_spec` (in Nightly builds, run with -Z macro-backtrace for more info)

warning: #[verus_spec] is likely used inside a verus! block.
                     Consider move it out of verus! or remove #[verus_spec].
    --> commit_mask.rs:1345:5
     |
1345 |     #[verus_verify]
     |     ^^^^^^^^^^^^^^^
     |
     = note: this warning originates in the attribute macro `verus_spec` (in Nightly builds, run with -Z macro-backtrace for more info)

warning: #[verus_spec] is likely used inside a verus! block.
                     Consider move it out of verus! or remove #[verus_spec].
    --> linked_list.rs:3619:1
     |
3619 | #[verus_verify]
     | ^^^^^^^^^^^^^^^
     |
     = note: this warning originates in the attribute macro `verus_spec` (in Nightly builds, run with -Z macro-backtrace for more info)

warning: #[verus_spec] is likely used inside a verus! block.
                     Consider move it out of verus! or remove #[verus_spec].
    --> linked_list.rs:3637:1
     |
3637 | #[verus_verify]
     | ^^^^^^^^^^^^^^^
     |
     = note: this warning originates in the attribute macro `verus_spec` (in Nightly builds, run with -Z macro-backtrace for more info)

warning: #[verus_spec] is likely used inside a verus! block.
                     Consider move it out of verus! or remove #[verus_spec].
    --> linked_list.rs:3655:1
     |
3655 | #[verus_verify]
     | ^^^^^^^^^^^^^^^
     |
     = note: this warning originates in the attribute macro `verus_spec` (in Nightly builds, run with -Z macro-backtrace for more info)

warning: #[verus_spec] is likely used inside a verus! block.
                     Consider move it out of verus! or remove #[verus_spec].
    --> linked_list.rs:3673:1
     |
3673 | #[verus_verify]
     | ^^^^^^^^^^^^^^^
     |
     = note: this warning originates in the attribute macro `verus_spec` (in Nightly builds, run with -Z macro-backtrace for more info)

warning: #[verus_spec] is likely used inside a verus! block.
                     Consider move it out of verus! or remove #[verus_spec].
    --> linked_list.rs:3697:1
     |
3697 | #[verus_verify]
     | ^^^^^^^^^^^^^^^
     |
     = note: this warning originates in the attribute macro `verus_spec` (in Nightly builds, run with -Z macro-backtrace for more info)

warning: #[verus_spec] is likely used inside a verus! block.
                     Consider move it out of verus! or remove #[verus_spec].
    --> linked_list.rs:3718:1
     |
3718 | #[verus_verify]
     | ^^^^^^^^^^^^^^^
     |
     = note: this warning originates in the attribute macro `verus_spec` (in Nightly builds, run with -Z macro-backtrace for more info)

warning: #[verus_spec] is likely used inside a verus! block.
                     Consider move it out of verus! or remove #[verus_spec].
    --> linked_list.rs:1456:5
     |
1456 |     #[verus_verify]
     |     ^^^^^^^^^^^^^^^
     |
     = note: this warning originates in the attribute macro `verus_spec` (in Nightly builds, run with -Z macro-backtrace for more info)

warning: #[verus_spec] is likely used inside a verus! block.
                     Consider move it out of verus! or remove #[verus_spec].
    --> linked_list.rs:1658:5
     |
1658 |     #[verus_verify]
     |     ^^^^^^^^^^^^^^^
     |
     = note: this warning originates in the attribute macro `verus_spec` (in Nightly builds, run with -Z macro-backtrace for more info)

warning: #[verus_spec] is likely used inside a verus! block.
                     Consider move it out of verus! or remove #[verus_spec].
   --> linked_list.rs:397:5
    |
397 |     #[verus_verify]
    |     ^^^^^^^^^^^^^^^
    |
    = note: this warning originates in the attribute macro `verus_spec` (in Nightly builds, run with -Z macro-backtrace for more info)

warning: #[verus_spec] is likely used inside a verus! block.
                     Consider move it out of verus! or remove #[verus_spec].
   --> bin_sizes.rs:747:1
    |
747 | #[verus_verify]
    | ^^^^^^^^^^^^^^^
    |
    = note: this warning originates in the attribute macro `verus_spec` (in Nightly builds, run with -Z macro-backtrace for more info)

warning: #[verus_spec] is likely used inside a verus! block.
                     Consider move it out of verus! or remove #[verus_spec].
   --> bin_sizes.rs:967:1
    |
967 | #[verus_verify]
    | ^^^^^^^^^^^^^^^
    |
    = note: this warning originates in the attribute macro `verus_spec` (in Nightly builds, run with -Z macro-backtrace for more info)

warning: #[verus_spec] is likely used inside a verus! block.
                     Consider move it out of verus! or remove #[verus_spec].
   --> config.rs:119:1
    |
119 | #[verus_verify]
    | ^^^^^^^^^^^^^^^
    |
    = note: this warning originates in the attribute macro `verus_spec` (in Nightly builds, run with -Z macro-backtrace for more info)

warning: #[verus_spec] is likely used inside a verus! block.
                     Consider move it out of verus! or remove #[verus_spec].
   --> config.rs:123:1
    |
123 | #[verus_verify]
    | ^^^^^^^^^^^^^^^
    |
    = note: this warning originates in the attribute macro `verus_spec` (in Nightly builds, run with -Z macro-backtrace for more info)

warning: #[verus_spec] is likely used inside a verus! block.
                     Consider move it out of verus! or remove #[verus_spec].
   --> config.rs:127:1
    |
127 | #[verus_verify]
    | ^^^^^^^^^^^^^^^
    |
    = note: this warning originates in the attribute macro `verus_spec` (in Nightly builds, run with -Z macro-backtrace for more info)

warning: #[verus_spec] is likely used inside a verus! block.
                     Consider move it out of verus! or remove #[verus_spec].
   --> config.rs:131:1
    |
131 | #[verus_verify]
    | ^^^^^^^^^^^^^^^
    |
    = note: this warning originates in the attribute macro `verus_spec` (in Nightly builds, run with -Z macro-backtrace for more info)

warning: #[verus_spec] is likely used inside a verus! block.
                     Consider move it out of verus! or remove #[verus_spec].
   --> config.rs:139:1
    |
139 | #[verus_verify]
    | ^^^^^^^^^^^^^^^
    |
    = note: this warning originates in the attribute macro `verus_spec` (in Nightly builds, run with -Z macro-backtrace for more info)

warning: #[verus_spec] is likely used inside a verus! block.
                     Consider move it out of verus! or remove #[verus_spec].
   --> config.rs:143:1
    |
143 | #[verus_verify]
    | ^^^^^^^^^^^^^^^
    |
    = note: this warning originates in the attribute macro `verus_spec` (in Nightly builds, run with -Z macro-backtrace for more info)

warning: #[verus_spec] is likely used inside a verus! block.
                     Consider move it out of verus! or remove #[verus_spec].
   --> layout.rs:559:1
    |
559 | #[verus_verify]
    | ^^^^^^^^^^^^^^^
    |
    = note: this warning originates in the attribute macro `verus_spec` (in Nightly builds, run with -Z macro-backtrace for more info)

warning: #[verus_spec] is likely used inside a verus! block.
                     Consider move it out of verus! or remove #[verus_spec].
   --> layout.rs:569:9
    |
569 |         reveal(is_block_ptr1);
    |         ^^^^^^
    |
    = note: this warning originates in the attribute macro `verus_spec` (in Nightly builds, run with -Z macro-backtrace for more info)

warning: #[verus_spec] is likely used inside a verus! block.
                     Consider move it out of verus! or remove #[verus_spec].
   --> layout.rs:586:9
    |
586 |         reveal(is_block_ptr1);
    |         ^^^^^^
    |
    = note: this warning originates in the attribute macro `verus_spec` (in Nightly builds, run with -Z macro-backtrace for more info)

warning: #[verus_spec] is likely used inside a verus! block.
                     Consider move it out of verus! or remove #[verus_spec].
   --> layout.rs:668:1
    |
668 | #[verus_verify]
    | ^^^^^^^^^^^^^^^
    |
    = note: this warning originates in the attribute macro `verus_spec` (in Nightly builds, run with -Z macro-backtrace for more info)

warning: #[verus_spec] is likely used inside a verus! block.
                     Consider move it out of verus! or remove #[verus_spec].
   --> layout.rs:679:9
    |
679 |         reveal(is_block_ptr1);
    |         ^^^^^^
    |
    = note: this warning originates in the attribute macro `verus_spec` (in Nightly builds, run with -Z macro-backtrace for more info)

warning: #[verus_spec] is likely used inside a verus! block.
                     Consider move it out of verus! or remove #[verus_spec].
   --> layout.rs:695:9
    |
695 |         reveal(is_block_ptr1);
    |         ^^^^^^
    |
    = note: this warning originates in the attribute macro `verus_spec` (in Nightly builds, run with -Z macro-backtrace for more info)

warning: #[verus_spec] is likely used inside a verus! block.
                     Consider move it out of verus! or remove #[verus_spec].
   --> layout.rs:741:9
    |
741 |         reveal(is_block_ptr1);
    |         ^^^^^^
    |
    = note: this warning originates in the attribute macro `verus_spec` (in Nightly builds, run with -Z macro-backtrace for more info)

warning: #[verus_spec] is likely used inside a verus! block.
                     Consider move it out of verus! or remove #[verus_spec].
   --> layout.rs:784:1
    |
784 | #[verus_verify]
    | ^^^^^^^^^^^^^^^
    |
    = note: this warning originates in the attribute macro `verus_spec` (in Nightly builds, run with -Z macro-backtrace for more info)

warning: #[verus_spec] is likely used inside a verus! block.
                     Consider move it out of verus! or remove #[verus_spec].
   --> layout.rs:864:1
    |
864 | #[verus_verify]
    | ^^^^^^^^^^^^^^^
    |
    = note: this warning originates in the attribute macro `verus_spec` (in Nightly builds, run with -Z macro-backtrace for more info)

warning: #[verus_spec] is likely used inside a verus! block.
                     Consider move it out of verus! or remove #[verus_spec].
   --> layout.rs:881:1
    |
881 | #[verus_verify]
    | ^^^^^^^^^^^^^^^
    |
    = note: this warning originates in the attribute macro `verus_spec` (in Nightly builds, run with -Z macro-backtrace for more info)

warning: #[verus_spec] is likely used inside a verus! block.
                     Consider move it out of verus! or remove #[verus_spec].
   --> layout.rs:981:1
    |
981 | #[verus_verify]
    | ^^^^^^^^^^^^^^^
    |
    = note: this warning originates in the attribute macro `verus_spec` (in Nightly builds, run with -Z macro-backtrace for more info)

warning: #[verus_spec] is likely used inside a verus! block.
                     Consider move it out of verus! or remove #[verus_spec].
    --> layout.rs:1071:9
     |
1071 |         reveal(crate::layout::start_offset);
     |         ^^^^^^
     |
     = note: this warning originates in the attribute macro `verus_spec` (in Nightly builds, run with -Z macro-backtrace for more info)

warning: #[verus_spec] is likely used inside a verus! block.
                     Consider move it out of verus! or remove #[verus_spec].
    --> layout.rs:1110:1
     |
1110 | #[verus_verify]
     | ^^^^^^^^^^^^^^^
     |
     = note: this warning originates in the attribute macro `verus_spec` (in Nightly builds, run with -Z macro-backtrace for more info)

warning: #[verus_spec] is likely used inside a verus! block.
                     Consider move it out of verus! or remove #[verus_spec].
    --> layout.rs:1178:1
     |
1178 | #[verus_verify]
     | ^^^^^^^^^^^^^^^
     |
     = note: this warning originates in the attribute macro `verus_spec` (in Nightly builds, run with -Z macro-backtrace for more info)

warning: #[verus_spec] is likely used inside a verus! block.
                     Consider move it out of verus! or remove #[verus_spec].
    --> layout.rs:1278:5
     |
1278 |     #[verus_verify]
     |     ^^^^^^^^^^^^^^^
     |
     = note: this warning originates in the attribute macro `verus_spec` (in Nightly builds, run with -Z macro-backtrace for more info)

warning: #[verus_spec] is likely used inside a verus! block.
                     Consider move it out of verus! or remove #[verus_spec].
    --> layout.rs:1351:1
     |
1351 | #[verus_verify]
     | ^^^^^^^^^^^^^^^
     |
     = note: this warning originates in the attribute macro `verus_spec` (in Nightly builds, run with -Z macro-backtrace for more info)

warning: #[verus_spec] is likely used inside a verus! block.
                     Consider move it out of verus! or remove #[verus_spec].
    --> layout.rs:1357:9
     |
1357 |         reveal(start_offset);
     |         ^^^^^^
     |
     = note: this warning originates in the attribute macro `verus_spec` (in Nightly builds, run with -Z macro-backtrace for more info)

warning: #[verus_spec] is likely used inside a verus! block.
                     Consider move it out of verus! or remove #[verus_spec].
  --> flags.rs:36:5
   |
36 |     #[verus_verify]
   |     ^^^^^^^^^^^^^^^
   |
   = note: this warning originates in the attribute macro `verus_spec` (in Nightly builds, run with -Z macro-backtrace for more info)

warning: #[verus_spec] is likely used inside a verus! block.
                     Consider move it out of verus! or remove #[verus_spec].
  --> flags.rs:58:5
   |
58 |     #[verus_verify]
   |     ^^^^^^^^^^^^^^^
   |
   = note: this warning originates in the attribute macro `verus_spec` (in Nightly builds, run with -Z macro-backtrace for more info)

warning: #[verus_spec] is likely used inside a verus! block.
                     Consider move it out of verus! or remove #[verus_spec].
  --> flags.rs:88:5
   |
88 |     #[verus_verify]
   |     ^^^^^^^^^^^^^^^
   |
   = note: this warning originates in the attribute macro `verus_spec` (in Nightly builds, run with -Z macro-backtrace for more info)

warning: #[verus_spec] is likely used inside a verus! block.
                     Consider move it out of verus! or remove #[verus_spec].
    --> types.rs:1146:5
     |
1146 |     #[verus_verify]
     |     ^^^^^^^^^^^^^^^
     |
     = note: this warning originates in the attribute macro `verus_spec` (in Nightly builds, run with -Z macro-backtrace for more info)

warning: #[verus_spec] is likely used inside a verus! block.
                     Consider move it out of verus! or remove #[verus_spec].
    --> types.rs:1168:5
     |
1168 |     #[verus_verify]
     |     ^^^^^^^^^^^^^^^
     |
     = note: this warning originates in the attribute macro `verus_spec` (in Nightly builds, run with -Z macro-backtrace for more info)

warning: #[verus_spec] is likely used inside a verus! block.
                     Consider move it out of verus! or remove #[verus_spec].
    --> types.rs:1186:5
     |
1186 |     #[verus_verify]
     |     ^^^^^^^^^^^^^^^
     |
     = note: this warning originates in the attribute macro `verus_spec` (in Nightly builds, run with -Z macro-backtrace for more info)

warning: #[verus_spec] is likely used inside a verus! block.
                     Consider move it out of verus! or remove #[verus_spec].
    --> types.rs:1203:5
     |
1203 |     #[verus_verify]
     |     ^^^^^^^^^^^^^^^
     |
     = note: this warning originates in the attribute macro `verus_spec` (in Nightly builds, run with -Z macro-backtrace for more info)

warning: #[verus_spec] is likely used inside a verus! block.
                     Consider move it out of verus! or remove #[verus_spec].
    --> types.rs:1231:5
     |
1231 |     #[verus_verify]
     |     ^^^^^^^^^^^^^^^
     |
     = note: this warning originates in the attribute macro `verus_spec` (in Nightly builds, run with -Z macro-backtrace for more info)

warning: #[verus_spec] is likely used inside a verus! block.
                     Consider move it out of verus! or remove #[verus_spec].
    --> types.rs:1248:5
     |
1248 |     #[verus_verify]
     |     ^^^^^^^^^^^^^^^
     |
     = note: this warning originates in the attribute macro `verus_spec` (in Nightly builds, run with -Z macro-backtrace for more info)

warning: #[verus_spec] is likely used inside a verus! block.
                     Consider move it out of verus! or remove #[verus_spec].
    --> types.rs:1276:5
     |
1276 |     #[verus_verify]
     |     ^^^^^^^^^^^^^^^
     |
     = note: this warning originates in the attribute macro `verus_spec` (in Nightly builds, run with -Z macro-backtrace for more info)

warning: #[verus_spec] is likely used inside a verus! block.
                     Consider move it out of verus! or remove #[verus_spec].
    --> types.rs:1293:5
     |
1293 |     #[verus_verify]
     |     ^^^^^^^^^^^^^^^
     |
     = note: this warning originates in the attribute macro `verus_spec` (in Nightly builds, run with -Z macro-backtrace for more info)

warning: #[verus_spec] is likely used inside a verus! block.
                     Consider move it out of verus! or remove #[verus_spec].
    --> types.rs:1321:5
     |
1321 |     #[verus_verify]
     |     ^^^^^^^^^^^^^^^
     |
     = note: this warning originates in the attribute macro `verus_spec` (in Nightly builds, run with -Z macro-backtrace for more info)

warning: #[verus_spec] is likely used inside a verus! block.
                     Consider move it out of verus! or remove #[verus_spec].
    --> types.rs:1339:5
     |
1339 |     #[verus_verify]
     |     ^^^^^^^^^^^^^^^
     |
     = note: this warning originates in the attribute macro `verus_spec` (in Nightly builds, run with -Z macro-backtrace for more info)

warning: #[verus_spec] is likely used inside a verus! block.
                     Consider move it out of verus! or remove #[verus_spec].
    --> types.rs:1352:5
     |
1352 |     #[verus_verify]
     |     ^^^^^^^^^^^^^^^
     |
     = note: this warning originates in the attribute macro `verus_spec` (in Nightly builds, run with -Z macro-backtrace for more info)

warning: #[verus_spec] is likely used inside a verus! block.
                     Consider move it out of verus! or remove #[verus_spec].
    --> types.rs:1420:5
     |
1420 |     #[verus_verify]
     |     ^^^^^^^^^^^^^^^
     |
     = note: this warning originates in the attribute macro `verus_spec` (in Nightly builds, run with -Z macro-backtrace for more info)

warning: #[verus_spec] is likely used inside a verus! block.
                     Consider move it out of verus! or remove #[verus_spec].
    --> types.rs:1437:5
     |
1437 |     #[verus_verify]
     |     ^^^^^^^^^^^^^^^
     |
     = note: this warning originates in the attribute macro `verus_spec` (in Nightly builds, run with -Z macro-backtrace for more info)

warning: #[verus_spec] is likely used inside a verus! block.
                     Consider move it out of verus! or remove #[verus_spec].
    --> types.rs:1473:5
     |
1473 |     #[verus_verify]
     |     ^^^^^^^^^^^^^^^
     |
     = note: this warning originates in the attribute macro `verus_spec` (in Nightly builds, run with -Z macro-backtrace for more info)

warning: #[verus_spec] is likely used inside a verus! block.
                     Consider move it out of verus! or remove #[verus_spec].
    --> types.rs:1515:5
     |
1515 |     #[verus_verify]
     |     ^^^^^^^^^^^^^^^
     |
     = note: this warning originates in the attribute macro `verus_spec` (in Nightly builds, run with -Z macro-backtrace for more info)

warning: #[verus_spec] is likely used inside a verus! block.
                     Consider move it out of verus! or remove #[verus_spec].
    --> types.rs:1524:5
     |
1524 |     #[verus_verify]
     |     ^^^^^^^^^^^^^^^
     |
     = note: this warning originates in the attribute macro `verus_spec` (in Nightly builds, run with -Z macro-backtrace for more info)

warning: #[verus_spec] is likely used inside a verus! block.
                     Consider move it out of verus! or remove #[verus_spec].
    --> types.rs:1535:5
     |
1535 |     #[verus_verify]
     |     ^^^^^^^^^^^^^^^
     |
     = note: this warning originates in the attribute macro `verus_spec` (in Nightly builds, run with -Z macro-backtrace for more info)

warning: #[verus_spec] is likely used inside a verus! block.
                     Consider move it out of verus! or remove #[verus_spec].
    --> types.rs:1650:5
     |
1650 |     #[verus_verify]
     |     ^^^^^^^^^^^^^^^
     |
     = note: this warning originates in the attribute macro `verus_spec` (in Nightly builds, run with -Z macro-backtrace for more info)

warning: #[verus_spec] is likely used inside a verus! block.
                     Consider move it out of verus! or remove #[verus_spec].
    --> types.rs:1727:5
     |
1727 |     #[verus_verify]
     |     ^^^^^^^^^^^^^^^
     |
     = note: this warning originates in the attribute macro `verus_spec` (in Nightly builds, run with -Z macro-backtrace for more info)

warning: #[verus_spec] is likely used inside a verus! block.
                     Consider move it out of verus! or remove #[verus_spec].
    --> types.rs:1760:5
     |
1760 |     #[verus_verify]
     |     ^^^^^^^^^^^^^^^
     |
     = note: this warning originates in the attribute macro `verus_spec` (in Nightly builds, run with -Z macro-backtrace for more info)

warning: #[verus_spec] is likely used inside a verus! block.
                     Consider move it out of verus! or remove #[verus_spec].
    --> types.rs:1789:5
     |
1789 |     #[verus_verify]
     |     ^^^^^^^^^^^^^^^
     |
     = note: this warning originates in the attribute macro `verus_spec` (in Nightly builds, run with -Z macro-backtrace for more info)

warning: #[verus_spec] is likely used inside a verus! block.
                     Consider move it out of verus! or remove #[verus_spec].
    --> types.rs:1818:5
     |
1818 |     #[verus_verify]
     |     ^^^^^^^^^^^^^^^
     |
     = note: this warning originates in the attribute macro `verus_spec` (in Nightly builds, run with -Z macro-backtrace for more info)

warning: #[verus_spec] is likely used inside a verus! block.
                     Consider move it out of verus! or remove #[verus_spec].
    --> types.rs:1831:5
     |
1831 |     #[verus_verify]
     |     ^^^^^^^^^^^^^^^
     |
     = note: this warning originates in the attribute macro `verus_spec` (in Nightly builds, run with -Z macro-backtrace for more info)

warning: #[verus_spec] is likely used inside a verus! block.
                     Consider move it out of verus! or remove #[verus_spec].
    --> types.rs:1844:5
     |
1844 |     #[verus_verify]
     |     ^^^^^^^^^^^^^^^
     |
     = note: this warning originates in the attribute macro `verus_spec` (in Nightly builds, run with -Z macro-backtrace for more info)

warning: #[verus_spec] is likely used inside a verus! block.
                     Consider move it out of verus! or remove #[verus_spec].
    --> types.rs:1858:5
     |
1858 |     #[verus_verify]
     |     ^^^^^^^^^^^^^^^
     |
     = note: this warning originates in the attribute macro `verus_spec` (in Nightly builds, run with -Z macro-backtrace for more info)

warning: #[verus_spec] is likely used inside a verus! block.
                     Consider move it out of verus! or remove #[verus_spec].
    --> types.rs:1871:5
     |
1871 |     #[verus_verify]
     |     ^^^^^^^^^^^^^^^
     |
     = note: this warning originates in the attribute macro `verus_spec` (in Nightly builds, run with -Z macro-backtrace for more info)

warning: #[verus_spec] is likely used inside a verus! block.
                     Consider move it out of verus! or remove #[verus_spec].
    --> types.rs:1884:5
     |
1884 |     #[verus_verify]
     |     ^^^^^^^^^^^^^^^
     |
     = note: this warning originates in the attribute macro `verus_spec` (in Nightly builds, run with -Z macro-backtrace for more info)

warning: #[verus_spec] is likely used inside a verus! block.
                     Consider move it out of verus! or remove #[verus_spec].
    --> types.rs:1897:5
     |
1897 |     #[verus_verify]
     |     ^^^^^^^^^^^^^^^
     |
     = note: this warning originates in the attribute macro `verus_spec` (in Nightly builds, run with -Z macro-backtrace for more info)

warning: #[verus_spec] is likely used inside a verus! block.
                     Consider move it out of verus! or remove #[verus_spec].
    --> types.rs:1923:5
     |
1923 |     #[verus_verify]
     |     ^^^^^^^^^^^^^^^
     |
     = note: this warning originates in the attribute macro `verus_spec` (in Nightly builds, run with -Z macro-backtrace for more info)

warning: #[verus_spec] is likely used inside a verus! block.
                     Consider move it out of verus! or remove #[verus_spec].
    --> types.rs:1936:5
     |
1936 |     #[verus_verify]
     |     ^^^^^^^^^^^^^^^
     |
     = note: this warning originates in the attribute macro `verus_spec` (in Nightly builds, run with -Z macro-backtrace for more info)

warning: #[verus_spec] is likely used inside a verus! block.
                     Consider move it out of verus! or remove #[verus_spec].
    --> types.rs:2003:5
     |
2003 |     #[verus_verify]
     |     ^^^^^^^^^^^^^^^
     |
     = note: this warning originates in the attribute macro `verus_spec` (in Nightly builds, run with -Z macro-backtrace for more info)

warning: #[verus_spec] is likely used inside a verus! block.
                     Consider move it out of verus! or remove #[verus_spec].
    --> types.rs:2014:5
     |
2014 |     #[verus_verify]
     |     ^^^^^^^^^^^^^^^
     |
     = note: this warning originates in the attribute macro `verus_spec` (in Nightly builds, run with -Z macro-backtrace for more info)

warning: #[verus_spec] is likely used inside a verus! block.
                     Consider move it out of verus! or remove #[verus_spec].
    --> types.rs:2022:5
     |
2022 |     #[verus_verify]
     |     ^^^^^^^^^^^^^^^
     |
     = note: this warning originates in the attribute macro `verus_spec` (in Nightly builds, run with -Z macro-backtrace for more info)

warning: #[verus_spec] is likely used inside a verus! block.
                     Consider move it out of verus! or remove #[verus_spec].
    --> types.rs:2087:5
     |
2087 |     #[verus_verify]
     |     ^^^^^^^^^^^^^^^
     |
     = note: this warning originates in the attribute macro `verus_spec` (in Nightly builds, run with -Z macro-backtrace for more info)

warning: #[verus_spec] is likely used inside a verus! block.
                     Consider move it out of verus! or remove #[verus_spec].
    --> types.rs:2133:5
     |
2133 |     #[verus_verify]
     |     ^^^^^^^^^^^^^^^
     |
     = note: this warning originates in the attribute macro `verus_spec` (in Nightly builds, run with -Z macro-backtrace for more info)

warning: #[verus_spec] is likely used inside a verus! block.
                     Consider move it out of verus! or remove #[verus_spec].
    --> types.rs:2253:5
     |
2253 |     #[verus_verify]
     |     ^^^^^^^^^^^^^^^
     |
     = note: this warning originates in the attribute macro `verus_spec` (in Nightly builds, run with -Z macro-backtrace for more info)

warning: #[verus_spec] is likely used inside a verus! block.
                     Consider move it out of verus! or remove #[verus_spec].
    --> types.rs:2295:5
     |
2295 |     #[verus_verify]
     |     ^^^^^^^^^^^^^^^
     |
     = note: this warning originates in the attribute macro `verus_spec` (in Nightly builds, run with -Z macro-backtrace for more info)

warning: #[verus_spec] is likely used inside a verus! block.
                     Consider move it out of verus! or remove #[verus_spec].
    --> types.rs:2334:5
     |
2334 |     #[verus_verify]
     |     ^^^^^^^^^^^^^^^
     |
     = note: this warning originates in the attribute macro `verus_spec` (in Nightly builds, run with -Z macro-backtrace for more info)

warning: #[verus_spec] is likely used inside a verus! block.
                     Consider move it out of verus! or remove #[verus_spec].
    --> types.rs:2373:5
     |
2373 |     #[verus_verify]
     |     ^^^^^^^^^^^^^^^
     |
     = note: this warning originates in the attribute macro `verus_spec` (in Nightly builds, run with -Z macro-backtrace for more info)

warning: #[verus_spec] is likely used inside a verus! block.
                     Consider move it out of verus! or remove #[verus_spec].
    --> types.rs:2503:5
     |
2503 |     #[verus_verify]
     |     ^^^^^^^^^^^^^^^
     |
     = note: this warning originates in the attribute macro `verus_spec` (in Nightly builds, run with -Z macro-backtrace for more info)

warning: #[verus_spec] is likely used inside a verus! block.
                     Consider move it out of verus! or remove #[verus_spec].
    --> types.rs:2623:5
     |
2623 |     #[verus_verify]
     |     ^^^^^^^^^^^^^^^
     |
     = note: this warning originates in the attribute macro `verus_spec` (in Nightly builds, run with -Z macro-backtrace for more info)

warning: #[verus_spec] is likely used inside a verus! block.
                     Consider move it out of verus! or remove #[verus_spec].
    --> types.rs:2643:5
     |
2643 |     #[verus_verify]
     |     ^^^^^^^^^^^^^^^
     |
     = note: this warning originates in the attribute macro `verus_spec` (in Nightly builds, run with -Z macro-backtrace for more info)

warning: #[verus_spec] is likely used inside a verus! block.
                     Consider move it out of verus! or remove #[verus_spec].
    --> types.rs:2706:5
     |
2706 |     #[verus_verify]
     |     ^^^^^^^^^^^^^^^
     |
     = note: this warning originates in the attribute macro `verus_spec` (in Nightly builds, run with -Z macro-backtrace for more info)

warning: #[verus_spec] is likely used inside a verus! block.
                     Consider move it out of verus! or remove #[verus_spec].
    --> types.rs:2788:5
     |
2788 |     #[verus_verify]
     |     ^^^^^^^^^^^^^^^
     |
     = note: this warning originates in the attribute macro `verus_spec` (in Nightly builds, run with -Z macro-backtrace for more info)

warning: #[verus_spec] is likely used inside a verus! block.
                     Consider move it out of verus! or remove #[verus_spec].
    --> types.rs:2960:5
     |
2960 |     #[verus_verify]
     |     ^^^^^^^^^^^^^^^
     |
     = note: this warning originates in the attribute macro `verus_spec` (in Nightly builds, run with -Z macro-backtrace for more info)

warning: #[verus_spec] is likely used inside a verus! block.
                     Consider move it out of verus! or remove #[verus_spec].
    --> types.rs:2976:5
     |
2976 |     #[verus_verify]
     |     ^^^^^^^^^^^^^^^
     |
     = note: this warning originates in the attribute macro `verus_spec` (in Nightly builds, run with -Z macro-backtrace for more info)

warning: use of deprecated method `vstd::prelude::OptionAdditionalFns::is_None`: is_Variant is deprecated - use `->` or `matches` instead: https://verus-lang.github.io/verus/guide/datatypes_enum.html
   --> linked_list.rs:527:51
    |
527 |                         assert(self.data@.heap_id.is_None() || self.perms@[i].2.value().heap_id == self.data@.heap_id);
    |                                                   ^^^^^^^
    |
    = note: `#[warn(deprecated)]` on by default

warning: use of deprecated method `vstd::prelude::OptionAdditionalFns::is_None`: is_Variant is deprecated - use `->` or `matches` instead: https://verus-lang.github.io/verus/guide/datatypes_enum.html
   --> linked_list.rs:820:46
    |
820 |                     assert(out.data@.heap_id.is_None() || out.perms@[i].2.value().heap_id == out.data@.heap_id);
    |                                              ^^^^^^^

warning: use of deprecated method `vstd::prelude::ResultAdditionalSpecFns::is_Ok`: is_Variant is deprecated - use `->` or `matches` instead: https://verus-lang.github.io/verus/guide/datatypes_enum.html
   --> free.rs:751:39
    |
751 |             let ghost ok = cas_result.is_Ok();
    |                                       ^^^^^

warning: use of deprecated method `vstd::prelude::OptionAdditionalFns::is_None`: is_Variant is deprecated - use `->` or `matches` instead: https://verus-lang.github.io/verus/guide/datatypes_enum.html
    --> segment.rs:1750:51
     |
1750 |                     if page_data.page_header_kind.is_None() {
     |                                                   ^^^^^^^

warning: using ==> in `assert forall` does not currently assume the antecedent in the body; consider using `implies` instead of `==>`
   --> segment.rs:772:9
    |
772 |         assert forall |pid: PageId| #[trigger] local.pages.dom().contains(pid) implies
    |         ^^^^^^
    |
    = help: If you didn't mean to assume the antecedent, we're very curious to hear why! To tell us, please open an issue on the Verus issue tracker on github with the title `Don't always make assert forall assume the antecedent`. If no one opens such an issue, we'll soon change the behavior of Verus to always assume the antecedent of the outermost implication

warning: using ==> in `assert forall` does not currently assume the antecedent in the body; consider using `implies` instead of `==>`
   --> segment.rs:776:9
    |
776 |         assert forall |pid: PageId| #[trigger] local.pages.dom().contains(pid) implies
    |         ^^^^^^
    |
    = help: If you didn't mean to assume the antecedent, we're very curious to hear why! To tell us, please open an issue on the Verus issue tracker on github with the title `Don't always make assert forall assume the antecedent`. If no one opens such an issue, we'll soon change the behavior of Verus to always assume the antecedent of the outermost implication

warning: using ==> in `assert forall` does not currently assume the antecedent in the body; consider using `implies` instead of `==>`
   --> segment.rs:799:9
    |
799 |         assert forall |pid: PageId| #[trigger] local.page_organization.pages.dom().contains(pid) implies
    |         ^^^^^^
    |
    = help: If you didn't mean to assume the antecedent, we're very curious to hear why! To tell us, please open an issue on the Verus issue tracker on github with the title `Don't always make assert forall assume the antecedent`. If no one opens such an issue, we'll soon change the behavior of Verus to always assume the antecedent of the outermost implication

warning: using ==> in `assert forall` does not currently assume the antecedent in the body; consider using `implies` instead of `==>`
   --> segment.rs:801:9
    |
801 |         assert forall |pid: PageId| #[trigger] local.page_organization.pages.dom().contains(pid) implies
    |         ^^^^^^
    |
    = help: If you didn't mean to assume the antecedent, we're very curious to hear why! To tell us, please open an issue on the Verus issue tracker on github with the title `Don't always make assert forall assume the antecedent`. If no one opens such an issue, we'll soon change the behavior of Verus to always assume the antecedent of the outermost implication

warning: using ==> in `assert forall` does not currently assume the antecedent in the body; consider using `implies` instead of `==>`
   --> segment.rs:803:9
    |
803 |         assert forall |pid: PageId| #[trigger] local.page_organization.pages.dom().contains(pid) implies
    |         ^^^^^^
    |
    = help: If you didn't mean to assume the antecedent, we're very curious to hear why! To tell us, please open an issue on the Verus issue tracker on github with the title `Don't always make assert forall assume the antecedent`. If no one opens such an issue, we'll soon change the behavior of Verus to always assume the antecedent of the outermost implication

warning: using ==> in `assert forall` does not currently assume the antecedent in the body; consider using `implies` instead of `==>`
    --> segment.rs:1086:9
     |
1086 |         assert forall |pid: PageId| #[trigger] local.pages.dom().contains(pid) implies
     |         ^^^^^^
     |
     = help: If you didn't mean to assume the antecedent, we're very curious to hear why! To tell us, please open an issue on the Verus issue tracker on github with the title `Don't always make assert forall assume the antecedent`. If no one opens such an issue, we'll soon change the behavior of Verus to always assume the antecedent of the outermost implication

warning: using ==> in `assert forall` does not currently assume the antecedent in the body; consider using `implies` instead of `==>`
    --> segment.rs:1090:9
     |
1090 |         assert forall |pid: PageId| #[trigger] local.pages.dom().contains(pid) implies
     |         ^^^^^^
     |
     = help: If you didn't mean to assume the antecedent, we're very curious to hear why! To tell us, please open an issue on the Verus issue tracker on github with the title `Don't always make assert forall assume the antecedent`. If no one opens such an issue, we'll soon change the behavior of Verus to always assume the antecedent of the outermost implication

warning: using ==> in `assert forall` does not currently assume the antecedent in the body; consider using `implies` instead of `==>`
    --> segment.rs:1113:9
     |
1113 |         assert forall |pid: PageId| #[trigger] local.page_organization.pages.dom().contains(pid) implies
     |         ^^^^^^
     |
     = help: If you didn't mean to assume the antecedent, we're very curious to hear why! To tell us, please open an issue on the Verus issue tracker on github with the title `Don't always make assert forall assume the antecedent`. If no one opens such an issue, we'll soon change the behavior of Verus to always assume the antecedent of the outermost implication

warning: using ==> in `assert forall` does not currently assume the antecedent in the body; consider using `implies` instead of `==>`
    --> segment.rs:1115:9
     |
1115 |         assert forall |pid: PageId| #[trigger] local.page_organization.pages.dom().contains(pid) implies
     |         ^^^^^^
     |
     = help: If you didn't mean to assume the antecedent, we're very curious to hear why! To tell us, please open an issue on the Verus issue tracker on github with the title `Don't always make assert forall assume the antecedent`. If no one opens such an issue, we'll soon change the behavior of Verus to always assume the antecedent of the outermost implication

warning: using ==> in `assert forall` does not currently assume the antecedent in the body; consider using `implies` instead of `==>`
    --> segment.rs:1117:9
     |
1117 |         assert forall |pid: PageId| #[trigger] local.page_organization.pages.dom().contains(pid) implies
     |         ^^^^^^
     |
     = help: If you didn't mean to assume the antecedent, we're very curious to hear why! To tell us, please open an issue on the Verus issue tracker on github with the title `Don't always make assert forall assume the antecedent`. If no one opens such an issue, we'll soon change the behavior of Verus to always assume the antecedent of the outermost implication

warning: using ==> in `assert forall` does not currently assume the antecedent in the body; consider using `implies` instead of `==>`
    --> segment.rs:1577:9
     |
1577 |         assert forall |pid: PageId| #[trigger] local.page_organization.pages.dom().contains(pid) implies
     |         ^^^^^^
     |
     = help: If you didn't mean to assume the antecedent, we're very curious to hear why! To tell us, please open an issue on the Verus issue tracker on github with the title `Don't always make assert forall assume the antecedent`. If no one opens such an issue, we'll soon change the behavior of Verus to always assume the antecedent of the outermost implication

warning: using ==> in `assert forall` does not currently assume the antecedent in the body; consider using `implies` instead of `==>`
    --> segment.rs:1588:9
     |
1588 |         assert forall |pid: PageId| #[trigger] local.page_organization.pages.dom().contains(pid) implies
     |         ^^^^^^
     |
     = help: If you didn't mean to assume the antecedent, we're very curious to hear why! To tell us, please open an issue on the Verus issue tracker on github with the title `Don't always make assert forall assume the antecedent`. If no one opens such an issue, we'll soon change the behavior of Verus to always assume the antecedent of the outermost implication

warning: using ==> in `assert forall` does not currently assume the antecedent in the body; consider using `implies` instead of `==>`
    --> segment.rs:1599:9
     |
1599 |         assert forall |pid: PageId| #[trigger] local.page_organization.pages.dom().contains(pid) implies
     |         ^^^^^^
     |
     = help: If you didn't mean to assume the antecedent, we're very curious to hear why! To tell us, please open an issue on the Verus issue tracker on github with the title `Don't always make assert forall assume the antecedent`. If no one opens such an issue, we'll soon change the behavior of Verus to always assume the antecedent of the outermost implication

warning: using ==> in `assert forall` does not currently assume the antecedent in the body; consider using `implies` instead of `==>`
    --> segment.rs:1621:9
     |
1621 |         assert forall |pid: PageId| #[trigger] local.page_organization.pages.dom().contains(pid) implies
     |         ^^^^^^
     |
     = help: If you didn't mean to assume the antecedent, we're very curious to hear why! To tell us, please open an issue on the Verus issue tracker on github with the title `Don't always make assert forall assume the antecedent`. If no one opens such an issue, we'll soon change the behavior of Verus to always assume the antecedent of the outermost implication

warning: using ==> in `assert forall` does not currently assume the antecedent in the body; consider using `implies` instead of `==>`
    --> segment.rs:1627:9
     |
1627 |         assert forall |pid: PageId| #[trigger] local.page_organization.pages.dom().contains(pid) implies
     |         ^^^^^^
     |
     = help: If you didn't mean to assume the antecedent, we're very curious to hear why! To tell us, please open an issue on the Verus issue tracker on github with the title `Don't always make assert forall assume the antecedent`. If no one opens such an issue, we'll soon change the behavior of Verus to always assume the antecedent of the outermost implication

warning: using ==> in `assert forall` does not currently assume the antecedent in the body; consider using `implies` instead of `==>`
    --> segment.rs:1633:9
     |
1633 |         assert forall |pid: PageId| #[trigger] local.page_organization.pages.dom().contains(pid) implies
     |         ^^^^^^
     |
     = help: If you didn't mean to assume the antecedent, we're very curious to hear why! To tell us, please open an issue on the Verus issue tracker on github with the title `Don't always make assert forall assume the antecedent`. If no one opens such an issue, we'll soon change the behavior of Verus to always assume the antecedent of the outermost implication

warning: using ==> in `assert forall` does not currently assume the antecedent in the body; consider using `implies` instead of `==>`
    --> segment.rs:1655:9
     |
1655 |         assert forall |pid: PageId| #[trigger] local.page_organization.pages.dom().contains(pid) implies
     |         ^^^^^^
     |
     = help: If you didn't mean to assume the antecedent, we're very curious to hear why! To tell us, please open an issue on the Verus issue tracker on github with the title `Don't always make assert forall assume the antecedent`. If no one opens such an issue, we'll soon change the behavior of Verus to always assume the antecedent of the outermost implication

warning: using ==> in `assert forall` does not currently assume the antecedent in the body; consider using `implies` instead of `==>`
    --> segment.rs:1657:9
     |
1657 |         assert forall |pid: PageId| #[trigger] local.page_organization.pages.dom().contains(pid) implies
     |         ^^^^^^
     |
     = help: If you didn't mean to assume the antecedent, we're very curious to hear why! To tell us, please open an issue on the Verus issue tracker on github with the title `Don't always make assert forall assume the antecedent`. If no one opens such an issue, we'll soon change the behavior of Verus to always assume the antecedent of the outermost implication

warning: using ==> in `assert forall` does not currently assume the antecedent in the body; consider using `implies` instead of `==>`
    --> segment.rs:1659:9
     |
1659 |         assert forall |pid: PageId| #[trigger] local.page_organization.pages.dom().contains(pid) implies
     |         ^^^^^^
     |
     = help: If you didn't mean to assume the antecedent, we're very curious to hear why! To tell us, please open an issue on the Verus issue tracker on github with the title `Don't always make assert forall assume the antecedent`. If no one opens such an issue, we'll soon change the behavior of Verus to always assume the antecedent of the outermost implication

warning: using ==> in `assert forall` does not currently assume the antecedent in the body; consider using `implies` instead of `==>`
    --> segment.rs:1680:13
     |
1680 |             assert forall |pid: PageId| #[trigger] local_start.page_organization.pages.dom().contains(pid) implies
     |             ^^^^^^
     |
     = help: If you didn't mean to assume the antecedent, we're very curious to hear why! To tell us, please open an issue on the Verus issue tracker on github with the title `Don't always make assert forall assume the antecedent`. If no one opens such an issue, we'll soon change the behavior of Verus to always assume the antecedent of the outermost implication

warning: using ==> in `assert forall` does not currently assume the antecedent in the body; consider using `implies` instead of `==>`
    --> segment.rs:1686:13
     |
1686 |             assert forall |pid: PageId| #[trigger] local_start.page_organization.pages.dom().contains(pid) implies
     |             ^^^^^^
     |
     = help: If you didn't mean to assume the antecedent, we're very curious to hear why! To tell us, please open an issue on the Verus issue tracker on github with the title `Don't always make assert forall assume the antecedent`. If no one opens such an issue, we'll soon change the behavior of Verus to always assume the antecedent of the outermost implication

warning: using ==> in `assert forall` does not currently assume the antecedent in the body; consider using `implies` instead of `==>`
    --> segment.rs:1692:13
     |
1692 |             assert forall |pid: PageId| #[trigger] local_start.page_organization.pages.dom().contains(pid) implies
     |             ^^^^^^
     |
     = help: If you didn't mean to assume the antecedent, we're very curious to hear why! To tell us, please open an issue on the Verus issue tracker on github with the title `Don't always make assert forall assume the antecedent`. If no one opens such an issue, we'll soon change the behavior of Verus to always assume the antecedent of the outermost implication

warning: using ==> in `assert forall` does not currently assume the antecedent in the body; consider using `implies` instead of `==>`
    --> segment.rs:2416:17
     |
2416 |                 assert forall |pid: PageId| #[trigger] local_snap1.page_organization.pages.dom().contains(pid) implies
     |                 ^^^^^^
     |
     = help: If you didn't mean to assume the antecedent, we're very curious to hear why! To tell us, please open an issue on the Verus issue tracker on github with the title `Don't always make assert forall assume the antecedent`. If no one opens such an issue, we'll soon change the behavior of Verus to always assume the antecedent of the outermost implication

warning: using ==> in `assert forall` does not currently assume the antecedent in the body; consider using `implies` instead of `==>`
    --> segment.rs:2421:17
     |
2421 |                 assert forall |pid: PageId| #[trigger] local_snap1.page_organization.pages.dom().contains(pid) implies
     |                 ^^^^^^
     |
     = help: If you didn't mean to assume the antecedent, we're very curious to hear why! To tell us, please open an issue on the Verus issue tracker on github with the title `Don't always make assert forall assume the antecedent`. If no one opens such an issue, we'll soon change the behavior of Verus to always assume the antecedent of the outermost implication

warning: using ==> in `assert forall` does not currently assume the antecedent in the body; consider using `implies` instead of `==>`
    --> segment.rs:2426:17
     |
2426 |                 assert forall |pid: PageId| #[trigger] local_snap1.page_organization.pages.dom().contains(pid) implies
     |                 ^^^^^^
     |
     = help: If you didn't mean to assume the antecedent, we're very curious to hear why! To tell us, please open an issue on the Verus issue tracker on github with the title `Don't always make assert forall assume the antecedent`. If no one opens such an issue, we'll soon change the behavior of Verus to always assume the antecedent of the outermost implication

warning: using ==> in `assert forall` does not currently assume the antecedent in the body; consider using `implies` instead of `==>`
    --> segment.rs:2611:13
     |
2611 |             assert forall |pid: PageId| #[trigger] local.page_organization.pages.dom().contains(pid) implies
     |             ^^^^^^
     |
     = help: If you didn't mean to assume the antecedent, we're very curious to hear why! To tell us, please open an issue on the Verus issue tracker on github with the title `Don't always make assert forall assume the antecedent`. If no one opens such an issue, we'll soon change the behavior of Verus to always assume the antecedent of the outermost implication

warning: using ==> in `assert forall` does not currently assume the antecedent in the body; consider using `implies` instead of `==>`
    --> segment.rs:2615:13
     |
2615 |             assert forall |pid: PageId| #[trigger] local.page_organization.pages.dom().contains(pid) implies
     |             ^^^^^^
     |
     = help: If you didn't mean to assume the antecedent, we're very curious to hear why! To tell us, please open an issue on the Verus issue tracker on github with the title `Don't always make assert forall assume the antecedent`. If no one opens such an issue, we'll soon change the behavior of Verus to always assume the antecedent of the outermost implication

warning: using ==> in `assert forall` does not currently assume the antecedent in the body; consider using `implies` instead of `==>`
    --> segment.rs:2619:13
     |
2619 |             assert forall |pid: PageId| #[trigger] local.page_organization.pages.dom().contains(pid) implies
     |             ^^^^^^
     |
     = help: If you didn't mean to assume the antecedent, we're very curious to hear why! To tell us, please open an issue on the Verus issue tracker on github with the title `Don't always make assert forall assume the antecedent`. If no one opens such an issue, we'll soon change the behavior of Verus to always assume the antecedent of the outermost implication

warning: using ==> in `assert forall` does not currently assume the antecedent in the body; consider using `implies` instead of `==>`
    --> segment.rs:3241:13
     |
3241 |             assert forall |pid: PageId| #[trigger] local.page_organization.pages.dom().contains(pid) implies
     |             ^^^^^^
     |
     = help: If you didn't mean to assume the antecedent, we're very curious to hear why! To tell us, please open an issue on the Verus issue tracker on github with the title `Don't always make assert forall assume the antecedent`. If no one opens such an issue, we'll soon change the behavior of Verus to always assume the antecedent of the outermost implication

warning: using ==> in `assert forall` does not currently assume the antecedent in the body; consider using `implies` instead of `==>`
    --> segment.rs:3251:13
     |
3251 |             assert forall |pid: PageId| #[trigger] local.page_organization.pages.dom().contains(pid) implies
     |             ^^^^^^
     |
     = help: If you didn't mean to assume the antecedent, we're very curious to hear why! To tell us, please open an issue on the Verus issue tracker on github with the title `Don't always make assert forall assume the antecedent`. If no one opens such an issue, we'll soon change the behavior of Verus to always assume the antecedent of the outermost implication

warning: using ==> in `assert forall` does not currently assume the antecedent in the body; consider using `implies` instead of `==>`
    --> segment.rs:3255:13
     |
3255 |             assert forall |pid: PageId| #[trigger] local.page_organization.pages.dom().contains(pid) implies
     |             ^^^^^^
     |
     = help: If you didn't mean to assume the antecedent, we're very curious to hear why! To tell us, please open an issue on the Verus issue tracker on github with the title `Don't always make assert forall assume the antecedent`. If no one opens such an issue, we'll soon change the behavior of Verus to always assume the antecedent of the outermost implication

warning: using ==> in `assert forall` does not currently assume the antecedent in the body; consider using `implies` instead of `==>`
    --> segment.rs:3281:13
     |
3281 |             assert forall |pid: PageId| #[trigger] local.page_organization.pages.dom().contains(pid) implies
     |             ^^^^^^
     |
     = help: If you didn't mean to assume the antecedent, we're very curious to hear why! To tell us, please open an issue on the Verus issue tracker on github with the title `Don't always make assert forall assume the antecedent`. If no one opens such an issue, we'll soon change the behavior of Verus to always assume the antecedent of the outermost implication

warning: using ==> in `assert forall` does not currently assume the antecedent in the body; consider using `implies` instead of `==>`
    --> segment.rs:3291:13
     |
3291 |             assert forall |pid: PageId| #[trigger] local.page_organization.pages.dom().contains(pid) implies
     |             ^^^^^^
     |
     = help: If you didn't mean to assume the antecedent, we're very curious to hear why! To tell us, please open an issue on the Verus issue tracker on github with the title `Don't always make assert forall assume the antecedent`. If no one opens such an issue, we'll soon change the behavior of Verus to always assume the antecedent of the outermost implication

warning: using ==> in `assert forall` does not currently assume the antecedent in the body; consider using `implies` instead of `==>`
    --> segment.rs:3295:13
     |
3295 |             assert forall |pid: PageId| #[trigger] local.page_organization.pages.dom().contains(pid) implies
     |             ^^^^^^
     |
     = help: If you didn't mean to assume the antecedent, we're very curious to hear why! To tell us, please open an issue on the Verus issue tracker on github with the title `Don't always make assert forall assume the antecedent`. If no one opens such an issue, we'll soon change the behavior of Verus to always assume the antecedent of the outermost implication

warning: using ==> in `assert forall` does not currently assume the antecedent in the body; consider using `implies` instead of `==>`
    --> segment.rs:3380:9
     |
3380 |         assert forall |pid: PageId| #[trigger] local.pages.dom().contains(pid) implies
     |         ^^^^^^
     |
     = help: If you didn't mean to assume the antecedent, we're very curious to hear why! To tell us, please open an issue on the Verus issue tracker on github with the title `Don't always make assert forall assume the antecedent`. If no one opens such an issue, we'll soon change the behavior of Verus to always assume the antecedent of the outermost implication

warning: using ==> in `assert forall` does not currently assume the antecedent in the body; consider using `implies` instead of `==>`
    --> segment.rs:3384:9
     |
3384 |         assert forall |pid: PageId| #[trigger] local.pages.dom().contains(pid) implies
     |         ^^^^^^
     |
     = help: If you didn't mean to assume the antecedent, we're very curious to hear why! To tell us, please open an issue on the Verus issue tracker on github with the title `Don't always make assert forall assume the antecedent`. If no one opens such an issue, we'll soon change the behavior of Verus to always assume the antecedent of the outermost implication

warning: using ==> in `assert forall` does not currently assume the antecedent in the body; consider using `implies` instead of `==>`
    --> segment.rs:3419:9
     |
3419 |         assert forall |pid: PageId| #[trigger] local.page_organization.pages.dom().contains(pid) implies
     |         ^^^^^^
     |
     = help: If you didn't mean to assume the antecedent, we're very curious to hear why! To tell us, please open an issue on the Verus issue tracker on github with the title `Don't always make assert forall assume the antecedent`. If no one opens such an issue, we'll soon change the behavior of Verus to always assume the antecedent of the outermost implication

warning: using ==> in `assert forall` does not currently assume the antecedent in the body; consider using `implies` instead of `==>`
    --> segment.rs:3430:9
     |
3430 |         assert forall |pid: PageId| #[trigger] local.page_organization.pages.dom().contains(pid) implies
     |         ^^^^^^
     |
     = help: If you didn't mean to assume the antecedent, we're very curious to hear why! To tell us, please open an issue on the Verus issue tracker on github with the title `Don't always make assert forall assume the antecedent`. If no one opens such an issue, we'll soon change the behavior of Verus to always assume the antecedent of the outermost implication

warning: using ==> in `assert forall` does not currently assume the antecedent in the body; consider using `implies` instead of `==>`
    --> segment.rs:3438:9
     |
3438 |         assert forall |pid: PageId| #[trigger] local.page_organization.pages.dom().contains(pid) implies
     |         ^^^^^^
     |
     = help: If you didn't mean to assume the antecedent, we're very curious to hear why! To tell us, please open an issue on the Verus issue tracker on github with the title `Don't always make assert forall assume the antecedent`. If no one opens such an issue, we'll soon change the behavior of Verus to always assume the antecedent of the outermost implication

warning: using ==> in `assert forall` does not currently assume the antecedent in the body; consider using `implies` instead of `==>`
    --> types.rs:4429:17
     |
4429 |                   assert forall |pid: PageId|
     |                   ^^^^^^
     |
    ::: segment.rs:3645:5
     |
3645 | /     unused_page_get_mut!(page, local, page => {
3646 | |         let Tracked(_delay_token) = page.xthread_free.disable();
3647 | |         let Tracked(_heap_of_page_token) = page.xheap.disable();
3648 | |
3649 | |     });
     | |______- in this macro invocation
     |
     = help: If you didn't mean to assume the antecedent, we're very curious to hear why! To tell us, please open an issue on the Verus issue tracker on github with the title `Don't always make assert forall assume the antecedent`. If no one opens such an issue, we'll soon change the behavior of Verus to always assume the antecedent of the outermost implication
     = note: this warning originates in the macro `$crate::types::unused_page_get_mut_internal` which comes from the expansion of the macro `unused_page_get_mut` (in Nightly builds, run with -Z macro-backtrace for more info)

warning: using ==> in `assert forall` does not currently assume the antecedent in the body; consider using `implies` instead of `==>`
    --> segment.rs:3693:9
     |
3693 |         assert forall |pid: PageId| #[trigger] local.pages.dom().contains(pid) implies
     |         ^^^^^^
     |
     = help: If you didn't mean to assume the antecedent, we're very curious to hear why! To tell us, please open an issue on the Verus issue tracker on github with the title `Don't always make assert forall assume the antecedent`. If no one opens such an issue, we'll soon change the behavior of Verus to always assume the antecedent of the outermost implication

warning: using ==> in `assert forall` does not currently assume the antecedent in the body; consider using `implies` instead of `==>`
    --> segment.rs:3702:9
     |
3702 |         assert forall |pid: PageId| #[trigger] local.pages.dom().contains(pid) implies
     |         ^^^^^^
     |
     = help: If you didn't mean to assume the antecedent, we're very curious to hear why! To tell us, please open an issue on the Verus issue tracker on github with the title `Don't always make assert forall assume the antecedent`. If no one opens such an issue, we'll soon change the behavior of Verus to always assume the antecedent of the outermost implication

warning: using ==> in `assert forall` does not currently assume the antecedent in the body; consider using `implies` instead of `==>`
    --> segment.rs:3865:9
     |
3865 |         assert forall |pid: PageId| #[trigger] local.pages.dom().contains(pid) implies
     |         ^^^^^^
     |
     = help: If you didn't mean to assume the antecedent, we're very curious to hear why! To tell us, please open an issue on the Verus issue tracker on github with the title `Don't always make assert forall assume the antecedent`. If no one opens such an issue, we'll soon change the behavior of Verus to always assume the antecedent of the outermost implication

warning: using ==> in `assert forall` does not currently assume the antecedent in the body; consider using `implies` instead of `==>`
    --> segment.rs:3869:9
     |
3869 |         assert forall |pid: PageId| #[trigger] local.pages.dom().contains(pid) implies
     |         ^^^^^^
     |
     = help: If you didn't mean to assume the antecedent, we're very curious to hear why! To tell us, please open an issue on the Verus issue tracker on github with the title `Don't always make assert forall assume the antecedent`. If no one opens such an issue, we'll soon change the behavior of Verus to always assume the antecedent of the outermost implication

warning: using ==> in `assert forall` does not currently assume the antecedent in the body; consider using `implies` instead of `==>`
    --> segment.rs:4089:13
     |
4089 |             assert forall |pid: PageId| #[trigger] local.pages.dom().contains(pid) implies
     |             ^^^^^^
     |
     = help: If you didn't mean to assume the antecedent, we're very curious to hear why! To tell us, please open an issue on the Verus issue tracker on github with the title `Don't always make assert forall assume the antecedent`. If no one opens such an issue, we'll soon change the behavior of Verus to always assume the antecedent of the outermost implication

warning: using ==> in `assert forall` does not currently assume the antecedent in the body; consider using `implies` instead of `==>`
    --> segment.rs:4093:13
     |
4093 |             assert forall |pid: PageId| #[trigger] local.pages.dom().contains(pid) implies
     |             ^^^^^^
     |
     = help: If you didn't mean to assume the antecedent, we're very curious to hear why! To tell us, please open an issue on the Verus issue tracker on github with the title `Don't always make assert forall assume the antecedent`. If no one opens such an issue, we'll soon change the behavior of Verus to always assume the antecedent of the outermost implication

warning: using ==> in `assert forall` does not currently assume the antecedent in the body; consider using `implies` instead of `==>`
    --> segment.rs:4130:13
     |
4130 |             assert forall |pid: PageId| #[trigger] local.page_organization.pages.dom().contains(pid) implies
     |             ^^^^^^
     |
     = help: If you didn't mean to assume the antecedent, we're very curious to hear why! To tell us, please open an issue on the Verus issue tracker on github with the title `Don't always make assert forall assume the antecedent`. If no one opens such an issue, we'll soon change the behavior of Verus to always assume the antecedent of the outermost implication

warning: using ==> in `assert forall` does not currently assume the antecedent in the body; consider using `implies` instead of `==>`
    --> segment.rs:4144:13
     |
4144 |             assert forall |pid: PageId| #[trigger] local.page_organization.pages.dom().contains(pid) implies
     |             ^^^^^^
     |
     = help: If you didn't mean to assume the antecedent, we're very curious to hear why! To tell us, please open an issue on the Verus issue tracker on github with the title `Don't always make assert forall assume the antecedent`. If no one opens such an issue, we'll soon change the behavior of Verus to always assume the antecedent of the outermost implication

warning: using ==> in `assert forall` does not currently assume the antecedent in the body; consider using `implies` instead of `==>`
    --> segment.rs:4158:13
     |
4158 |             assert forall |pid: PageId| #[trigger] local.page_organization.pages.dom().contains(pid) implies
     |             ^^^^^^
     |
     = help: If you didn't mean to assume the antecedent, we're very curious to hear why! To tell us, please open an issue on the Verus issue tracker on github with the title `Don't always make assert forall assume the antecedent`. If no one opens such an issue, we'll soon change the behavior of Verus to always assume the antecedent of the outermost implication

warning: using ==> in `assert forall` does not currently assume the antecedent in the body; consider using `implies` instead of `==>`
    --> segment.rs:4591:17
     |
4591 |                 assert forall |pid: PageId| #[trigger] local.pages.dom().contains(pid) implies
     |                 ^^^^^^
     |
     = help: If you didn't mean to assume the antecedent, we're very curious to hear why! To tell us, please open an issue on the Verus issue tracker on github with the title `Don't always make assert forall assume the antecedent`. If no one opens such an issue, we'll soon change the behavior of Verus to always assume the antecedent of the outermost implication

warning: using ==> in `assert forall` does not currently assume the antecedent in the body; consider using `implies` instead of `==>`
    --> segment.rs:4595:17
     |
4595 |                 assert forall |pid: PageId| #[trigger] local.pages.dom().contains(pid) implies
     |                 ^^^^^^
     |
     = help: If you didn't mean to assume the antecedent, we're very curious to hear why! To tell us, please open an issue on the Verus issue tracker on github with the title `Don't always make assert forall assume the antecedent`. If no one opens such an issue, we'll soon change the behavior of Verus to always assume the antecedent of the outermost implication

warning: using ==> in `assert forall` does not currently assume the antecedent in the body; consider using `implies` instead of `==>`
    --> segment.rs:4633:17
     |
4633 |                 assert forall |pid: PageId| #[trigger] local.page_organization.pages.dom().contains(pid) implies
     |                 ^^^^^^
     |
     = help: If you didn't mean to assume the antecedent, we're very curious to hear why! To tell us, please open an issue on the Verus issue tracker on github with the title `Don't always make assert forall assume the antecedent`. If no one opens such an issue, we'll soon change the behavior of Verus to always assume the antecedent of the outermost implication

warning: using ==> in `assert forall` does not currently assume the antecedent in the body; consider using `implies` instead of `==>`
    --> segment.rs:4649:17
     |
4649 |                 assert forall |pid: PageId| #[trigger] local.page_organization.pages.dom().contains(pid) implies
     |                 ^^^^^^
     |
     = help: If you didn't mean to assume the antecedent, we're very curious to hear why! To tell us, please open an issue on the Verus issue tracker on github with the title `Don't always make assert forall assume the antecedent`. If no one opens such an issue, we'll soon change the behavior of Verus to always assume the antecedent of the outermost implication

warning: using ==> in `assert forall` does not currently assume the antecedent in the body; consider using `implies` instead of `==>`
    --> segment.rs:4657:17
     |
4657 |                 assert forall |pid: PageId| #[trigger] local.page_organization.pages.dom().contains(pid) implies
     |                 ^^^^^^
     |
     = help: If you didn't mean to assume the antecedent, we're very curious to hear why! To tell us, please open an issue on the Verus issue tracker on github with the title `Don't always make assert forall assume the antecedent`. If no one opens such an issue, we'll soon change the behavior of Verus to always assume the antecedent of the outermost implication

warning: using ==> in `assert forall` does not currently assume the antecedent in the body; consider using `implies` instead of `==>`
    --> commit_segment.rs:1555:13
     |
1555 |             assert forall |page_id: PageId| #[trigger] local.pages.dom().contains(page_id) implies
     |             ^^^^^^
     |
     = help: If you didn't mean to assume the antecedent, we're very curious to hear why! To tell us, please open an issue on the Verus issue tracker on github with the title `Don't always make assert forall assume the antecedent`. If no one opens such an issue, we'll soon change the behavior of Verus to always assume the antecedent of the outermost implication

warning: using ==> in `assert forall` does not currently assume the antecedent in the body; consider using `implies` instead of `==>`
    --> commit_segment.rs:1563:13
     |
1563 |             assert forall |page_id: PageId| #[trigger] local.pages.dom().contains(page_id) implies
     |             ^^^^^^
     |
     = help: If you didn't mean to assume the antecedent, we're very curious to hear why! To tell us, please open an issue on the Verus issue tracker on github with the title `Don't always make assert forall assume the antecedent`. If no one opens such an issue, we'll soon change the behavior of Verus to always assume the antecedent of the outermost implication

warning: using ==> in `assert forall` does not currently assume the antecedent in the body; consider using `implies` instead of `==>`
    --> commit_segment.rs:1594:13
     |
1594 |             assert forall |page_id: PageId| #[trigger] local.page_organization.pages.dom().contains(page_id) implies
     |             ^^^^^^
     |
     = help: If you didn't mean to assume the antecedent, we're very curious to hear why! To tell us, please open an issue on the Verus issue tracker on github with the title `Don't always make assert forall assume the antecedent`. If no one opens such an issue, we'll soon change the behavior of Verus to always assume the antecedent of the outermost implication

warning: using ==> in `assert forall` does not currently assume the antecedent in the body; consider using `implies` instead of `==>`
    --> commit_segment.rs:1622:21
     |
1622 |                     assert forall |pid: PageId| #[trigger] local.page_organization.pages.dom().contains(pid) ==>
     |                     ^^^^^^
     |
     = help: If you didn't mean to assume the antecedent, we're very curious to hear why! To tell us, please open an issue on the Verus issue tracker on github with the title `Don't always make assert forall assume the antecedent`. If no one opens such an issue, we'll soon change the behavior of Verus to always assume the antecedent of the outermost implication

warning: using ==> in `assert forall` does not currently assume the antecedent in the body; consider using `implies` instead of `==>`
    --> commit_segment.rs:1626:21
     |
1626 |                     assert forall |pid: PageId| #[trigger] local.page_organization.pages.dom().contains(pid) ==>
     |                     ^^^^^^
     |
     = help: If you didn't mean to assume the antecedent, we're very curious to hear why! To tell us, please open an issue on the Verus issue tracker on github with the title `Don't always make assert forall assume the antecedent`. If no one opens such an issue, we'll soon change the behavior of Verus to always assume the antecedent of the outermost implication

warning: using ==> in `assert forall` does not currently assume the antecedent in the body; consider using `implies` instead of `==>`
    --> commit_segment.rs:1630:21
     |
1630 |                     assert forall |pid: PageId| #[trigger] local.page_organization.pages.dom().contains(pid) ==>
     |                     ^^^^^^
     |
     = help: If you didn't mean to assume the antecedent, we're very curious to hear why! To tell us, please open an issue on the Verus issue tracker on github with the title `Don't always make assert forall assume the antecedent`. If no one opens such an issue, we'll soon change the behavior of Verus to always assume the antecedent of the outermost implication

warning: using ==> in `assert forall` does not currently assume the antecedent in the body; consider using `implies` instead of `==>`
    --> commit_segment.rs:1634:21
     |
1634 |                     assert forall |pid: PageId| #[trigger] local.page_organization.pages.dom().contains(pid) ==>
     |                     ^^^^^^
     |
     = help: If you didn't mean to assume the antecedent, we're very curious to hear why! To tell us, please open an issue on the Verus issue tracker on github with the title `Don't always make assert forall assume the antecedent`. If no one opens such an issue, we'll soon change the behavior of Verus to always assume the antecedent of the outermost implication

warning: using ==> in `assert forall` does not currently assume the antecedent in the body; consider using `implies` instead of `==>`
    --> commit_segment.rs:1704:21
     |
1704 |                     assert forall |pid: PageId| #[trigger] local.page_organization.pages.dom().contains(pid) ==>
     |                     ^^^^^^
     |
     = help: If you didn't mean to assume the antecedent, we're very curious to hear why! To tell us, please open an issue on the Verus issue tracker on github with the title `Don't always make assert forall assume the antecedent`. If no one opens such an issue, we'll soon change the behavior of Verus to always assume the antecedent of the outermost implication

warning: using ==> in `assert forall` does not currently assume the antecedent in the body; consider using `implies` instead of `==>`
    --> commit_segment.rs:1706:21
     |
1706 |                     assert forall |pid: PageId| #[trigger] local.page_organization.pages.dom().contains(pid) ==>
     |                     ^^^^^^
     |
     = help: If you didn't mean to assume the antecedent, we're very curious to hear why! To tell us, please open an issue on the Verus issue tracker on github with the title `Don't always make assert forall assume the antecedent`. If no one opens such an issue, we'll soon change the behavior of Verus to always assume the antecedent of the outermost implication

warning: using ==> in `assert forall` does not currently assume the antecedent in the body; consider using `implies` instead of `==>`
    --> commit_segment.rs:1708:21
     |
1708 |                     assert forall |pid: PageId| #[trigger] local.page_organization.pages.dom().contains(pid) ==>
     |                     ^^^^^^
     |
     = help: If you didn't mean to assume the antecedent, we're very curious to hear why! To tell us, please open an issue on the Verus issue tracker on github with the title `Don't always make assert forall assume the antecedent`. If no one opens such an issue, we'll soon change the behavior of Verus to always assume the antecedent of the outermost implication

warning: using ==> in `assert forall` does not currently assume the antecedent in the body; consider using `implies` instead of `==>`
    --> commit_segment.rs:1710:21
     |
1710 |                     assert forall |pid: PageId| #[trigger] local.page_organization.pages.dom().contains(pid) ==>
     |                     ^^^^^^
     |
     = help: If you didn't mean to assume the antecedent, we're very curious to hear why! To tell us, please open an issue on the Verus issue tracker on github with the title `Don't always make assert forall assume the antecedent`. If no one opens such an issue, we'll soon change the behavior of Verus to always assume the antecedent of the outermost implication

warning: using ==> in `assert forall` does not currently assume the antecedent in the body; consider using `implies` instead of `==>`
    --> commit_segment.rs:1794:17
     |
1794 |                 assert forall |pid: PageId| #[trigger] local.page_organization.pages.dom().contains(pid) ==>
     |                 ^^^^^^
     |
     = help: If you didn't mean to assume the antecedent, we're very curious to hear why! To tell us, please open an issue on the Verus issue tracker on github with the title `Don't always make assert forall assume the antecedent`. If no one opens such an issue, we'll soon change the behavior of Verus to always assume the antecedent of the outermost implication

warning: using ==> in `assert forall` does not currently assume the antecedent in the body; consider using `implies` instead of `==>`
    --> commit_segment.rs:1796:17
     |
1796 |                 assert forall |pid: PageId| #[trigger] local.page_organization.pages.dom().contains(pid) ==>
     |                 ^^^^^^
     |
     = help: If you didn't mean to assume the antecedent, we're very curious to hear why! To tell us, please open an issue on the Verus issue tracker on github with the title `Don't always make assert forall assume the antecedent`. If no one opens such an issue, we'll soon change the behavior of Verus to always assume the antecedent of the outermost implication

warning: using ==> in `assert forall` does not currently assume the antecedent in the body; consider using `implies` instead of `==>`
    --> commit_segment.rs:1798:17
     |
1798 |                 assert forall |pid: PageId| #[trigger] local.page_organization.pages.dom().contains(pid) ==>
     |                 ^^^^^^
     |
     = help: If you didn't mean to assume the antecedent, we're very curious to hear why! To tell us, please open an issue on the Verus issue tracker on github with the title `Don't always make assert forall assume the antecedent`. If no one opens such an issue, we'll soon change the behavior of Verus to always assume the antecedent of the outermost implication

warning: using ==> in `assert forall` does not currently assume the antecedent in the body; consider using `implies` instead of `==>`
    --> commit_segment.rs:1800:17
     |
1800 |                 assert forall |pid: PageId| #[trigger] local.page_organization.pages.dom().contains(pid) ==>
     |                 ^^^^^^
     |
     = help: If you didn't mean to assume the antecedent, we're very curious to hear why! To tell us, please open an issue on the Verus issue tracker on github with the title `Don't always make assert forall assume the antecedent`. If no one opens such an issue, we'll soon change the behavior of Verus to always assume the antecedent of the outermost implication

warning: using ==> in `assert forall` does not currently assume the antecedent in the body; consider using `implies` instead of `==>`
   --> page.rs:853:9
    |
853 |         assert forall |pid: PageId| #[trigger] local.pages.dom().contains(pid) implies
    |         ^^^^^^
    |
    = help: If you didn't mean to assume the antecedent, we're very curious to hear why! To tell us, please open an issue on the Verus issue tracker on github with the title `Don't always make assert forall assume the antecedent`. If no one opens such an issue, we'll soon change the behavior of Verus to always assume the antecedent of the outermost implication

warning: using ==> in `assert forall` does not currently assume the antecedent in the body; consider using `implies` instead of `==>`
   --> page.rs:921:9
    |
921 |         assert forall |pid: PageId| #[trigger] local.pages.dom().contains(pid) implies
    |         ^^^^^^
    |
    = help: If you didn't mean to assume the antecedent, we're very curious to hear why! To tell us, please open an issue on the Verus issue tracker on github with the title `Don't always make assert forall assume the antecedent`. If no one opens such an issue, we'll soon change the behavior of Verus to always assume the antecedent of the outermost implication

warning: using ==> in `assert forall` does not currently assume the antecedent in the body; consider using `implies` instead of `==>`
   --> queues.rs:397:9
    |
397 |         assert forall |pid: PageId| #[trigger] local.pages.dom().contains(pid) implies
    |         ^^^^^^
    |
    = help: If you didn't mean to assume the antecedent, we're very curious to hear why! To tell us, please open an issue on the Verus issue tracker on github with the title `Don't always make assert forall assume the antecedent`. If no one opens such an issue, we'll soon change the behavior of Verus to always assume the antecedent of the outermost implication

warning: using ==> in `assert forall` does not currently assume the antecedent in the body; consider using `implies` instead of `==>`
   --> queues.rs:401:9
    |
401 |         assert forall |pid: PageId| #[trigger] local.pages.dom().contains(pid) implies
    |         ^^^^^^
    |
    = help: If you didn't mean to assume the antecedent, we're very curious to hear why! To tell us, please open an issue on the Verus issue tracker on github with the title `Don't always make assert forall assume the antecedent`. If no one opens such an issue, we'll soon change the behavior of Verus to always assume the antecedent of the outermost implication

warning: using ==> in `assert forall` does not currently assume the antecedent in the body; consider using `implies` instead of `==>`
   --> queues.rs:668:9
    |
668 |         assert forall |pid: PageId| #[trigger] local.pages.dom().contains(pid) implies
    |         ^^^^^^
    |
    = help: If you didn't mean to assume the antecedent, we're very curious to hear why! To tell us, please open an issue on the Verus issue tracker on github with the title `Don't always make assert forall assume the antecedent`. If no one opens such an issue, we'll soon change the behavior of Verus to always assume the antecedent of the outermost implication

warning: using ==> in `assert forall` does not currently assume the antecedent in the body; consider using `implies` instead of `==>`
   --> queues.rs:672:9
    |
672 |         assert forall |pid: PageId| #[trigger] local.pages.dom().contains(pid) implies
    |         ^^^^^^
    |
    = help: If you didn't mean to assume the antecedent, we're very curious to hear why! To tell us, please open an issue on the Verus issue tracker on github with the title `Don't always make assert forall assume the antecedent`. If no one opens such an issue, we'll soon change the behavior of Verus to always assume the antecedent of the outermost implication

warning: using ==> in `assert forall` does not currently assume the antecedent in the body; consider using `implies` instead of `==>`
   --> queues.rs:985:9
    |
985 |         assert forall |pid: PageId| #[trigger] local.pages.dom().contains(pid) implies
    |         ^^^^^^
    |
    = help: If you didn't mean to assume the antecedent, we're very curious to hear why! To tell us, please open an issue on the Verus issue tracker on github with the title `Don't always make assert forall assume the antecedent`. If no one opens such an issue, we'll soon change the behavior of Verus to always assume the antecedent of the outermost implication

warning: using ==> in `assert forall` does not currently assume the antecedent in the body; consider using `implies` instead of `==>`
   --> queues.rs:989:9
    |
989 |         assert forall |pid: PageId| #[trigger] local.pages.dom().contains(pid) implies
    |         ^^^^^^
    |
    = help: If you didn't mean to assume the antecedent, we're very curious to hear why! To tell us, please open an issue on the Verus issue tracker on github with the title `Don't always make assert forall assume the antecedent`. If no one opens such an issue, we'll soon change the behavior of Verus to always assume the antecedent of the outermost implication

note: verifying module page (selected functions)

note: function body check: not all errors may have been reported; rerun with a higher value for --multiple-errors to find other potential errors in this function
   --> page.rs:492:1
    |
492 | fn page_fresh_alloc(heap_ptr: HeapPtr, pq: usize, block_size: usize, page_alignment: usize, Tracked(local): Tracked<&mut Local>) -> (page: PagePtr)
    | ^^^^^^^^^^^^^^^^^^^^^^^^^^^^^^^^^^^^^^^^^^^^^^^^^^^^^^^^^^^^^^^^^^^^^^^^^^^^^^^^^^^^^^^^^^^^^^^^^^^^^^^^^^^^^^^^^^^^^^^^^^^^^^^^^^^^^^^^^^^^^^^^^^

error: precondition not satisfied
   --> page.rs:521:5
    |
521 |     page_init(heap_ptr, page_ptr, full_block_size, tld_ptr, Tracked(&mut *local), Ghost(pq as int));
    |     ^^^^^^^^^^^^^^^^^^^^^^^^^^^^^^^^^^^^^^^^^^^^^^^^^^^^^^^^^^^^^^^^^^^^^^^^^^^^^^^^^^^^^^^^^^^^^^^
...
552 |         pq == smallest_bin_fitting_size(block_size as int),
    |         -------------------------------------------------- failed precondition

error: precondition not satisfied
   --> page.rs:522:5
    |
522 |     page_queue_push(heap_ptr, pq, page_ptr, Tracked(&mut *local));
    |     ^^^^^^^^^^^^^^^^^^^^^^^^^^^^^^^^^^^^^^^^^^^^^^^^^^^^^^^^^^^^^
    |
   ::: queues.rs:419:9
    |
419 |         old(local).wf_main_for_page_access(),
    |         ------------------------------------ failed precondition

verification results:: 0 verified, 1 errors (partial verification with `--verify-*`)
error: aborting due to 2 previous errors; 281 warnings emitted

(use --output-json for machine-readable output)
verus-build-info
Verus
  Version: 0.2026.06.28.1847ab3
  Profile: release
  Platform: linux_x86_64
  Toolchain: 1.96.0-x86_64-unknown-linux-gnu

total-time:           18747 ms
    rust-time:                8368 ms
        init-and-types:           8282 ms
        trait-conflicts:            86 ms
        compile-time:                0 ms
    verification-time:        8880 ms
        vir-time:                 7152 ms
            hir-time:                  910 ms
            import-time:               206 ms
            rust-to-vir:              1551 ms
        verify-crate-time:        1727 ms
    unaccounted-time:         1498 ms

verify-crate-time-breakdown
    total verify-time:            921 ms   (1 threads)
        total air-time:               391 ms   (1 threads)
        total smt-time:               250 ms   (1 threads)
            total smt-init:                 5 ms,      500 rlimit (1 threads)
            total smt-run:                245 ms,   675069 rlimit (1 threads)
