warning: #[verus_spec] is likely used inside a verus! block.
                     Consider move it out of verus! or remove #[verus_spec].
   --> init.rs:113:1
    |
113 | #[verus_verify]
    | ^^^^^^^^^^^^^^^
    |
    = note: this warning originates in the attribute macro `verus_spec` (in Nightly builds, run with -Z macro-backtrace for more info)

warning: #[verus_spec] is likely used inside a verus! block.
                     Consider move it out of verus! or remove #[verus_spec].
   --> init.rs:284:9
    |
284 |         reveal(Global::wf);
    |         ^^^^^^
    |
    = note: this warning originates in the attribute macro `verus_spec` (in Nightly builds, run with -Z macro-backtrace for more info)

warning: #[verus_spec] is likely used inside a verus! block.
                     Consider move it out of verus! or remove #[verus_spec].
   --> init.rs:295:9
    |
295 |         reveal(HeapSharedAccess::wf2);
    |         ^^^^^^
    |
    = note: this warning originates in the attribute macro `verus_spec` (in Nightly builds, run with -Z macro-backtrace for more info)

warning: #[verus_spec] is likely used inside a verus! block.
                     Consider move it out of verus! or remove #[verus_spec].
   --> init.rs:296:9
    |
296 |         reveal(HeapSharedAccess::wf);
    |         ^^^^^^
    |
    = note: this warning originates in the attribute macro `verus_spec` (in Nightly builds, run with -Z macro-backtrace for more info)

warning: #[verus_spec] is likely used inside a verus! block.
                     Consider move it out of verus! or remove #[verus_spec].
   --> init.rs:297:9
    |
297 |         reveal(Heap::wf);
    |         ^^^^^^
    |
    = note: this warning originates in the attribute macro `verus_spec` (in Nightly builds, run with -Z macro-backtrace for more info)

warning: #[verus_spec] is likely used inside a verus! block.
                     Consider move it out of verus! or remove #[verus_spec].
   --> init.rs:298:9
    |
298 |         reveal(TldPtr::wf);
    |         ^^^^^^
    |
    = note: this warning originates in the attribute macro `verus_spec` (in Nightly builds, run with -Z macro-backtrace for more info)

warning: #[verus_spec] is likely used inside a verus! block.
                     Consider move it out of verus! or remove #[verus_spec].
   --> init.rs:299:9
    |
299 |         reveal(is_heap_ptr);
    |         ^^^^^^
    |
    = note: this warning originates in the attribute macro `verus_spec` (in Nightly builds, run with -Z macro-backtrace for more info)

warning: #[verus_spec] is likely used inside a verus! block.
                     Consider move it out of verus! or remove #[verus_spec].
   --> init.rs:300:9
    |
300 |         reveal(is_tld_ptr);
    |         ^^^^^^
    |
    = note: this warning originates in the attribute macro `verus_spec` (in Nightly builds, run with -Z macro-backtrace for more info)

warning: #[verus_spec] is likely used inside a verus! block.
                     Consider move it out of verus! or remove #[verus_spec].
   --> init.rs:360:9
    |
360 |         reveal(Local::wf);
    |         ^^^^^^
    |
    = note: this warning originates in the attribute macro `verus_spec` (in Nightly builds, run with -Z macro-backtrace for more info)

warning: #[verus_spec] is likely used inside a verus! block.
                     Consider move it out of verus! or remove #[verus_spec].
   --> init.rs:361:9
    |
361 |         reveal(Local::wf_main);
    |         ^^^^^^
    |
    = note: this warning originates in the attribute macro `verus_spec` (in Nightly builds, run with -Z macro-backtrace for more info)

warning: #[verus_spec] is likely used inside a verus! block.
                     Consider move it out of verus! or remove #[verus_spec].
   --> init.rs:362:9
    |
362 |         reveal(Local::page_organization_valid);
    |         ^^^^^^
    |
    = note: this warning originates in the attribute macro `verus_spec` (in Nightly builds, run with -Z macro-backtrace for more info)

warning: #[verus_spec] is likely used inside a verus! block.
                     Consider move it out of verus! or remove #[verus_spec].
   --> init.rs:363:9
    |
363 |         reveal(HeapPtr::wf);
    |         ^^^^^^
    |
    = note: this warning originates in the attribute macro `verus_spec` (in Nightly builds, run with -Z macro-backtrace for more info)

warning: #[verus_spec] is likely used inside a verus! block.
                     Consider move it out of verus! or remove #[verus_spec].
   --> init.rs:364:9
    |
364 |         reveal(HeapPtr::is_in);
    |         ^^^^^^
    |
    = note: this warning originates in the attribute macro `verus_spec` (in Nightly builds, run with -Z macro-backtrace for more info)

warning: #[verus_spec] is likely used inside a verus! block.
                     Consider move it out of verus! or remove #[verus_spec].
   --> init.rs:365:9
    |
365 |         reveal(HeapSharedAccess::wf2);
    |         ^^^^^^
    |
    = note: this warning originates in the attribute macro `verus_spec` (in Nightly builds, run with -Z macro-backtrace for more info)

warning: #[verus_spec] is likely used inside a verus! block.
                     Consider move it out of verus! or remove #[verus_spec].
   --> init.rs:366:9
    |
366 |         reveal(HeapSharedAccess::wf);
    |         ^^^^^^
    |
    = note: this warning originates in the attribute macro `verus_spec` (in Nightly builds, run with -Z macro-backtrace for more info)

warning: #[verus_spec] is likely used inside a verus! block.
                     Consider move it out of verus! or remove #[verus_spec].
   --> init.rs:367:9
    |
367 |         reveal(Heap::wf);
    |         ^^^^^^
    |
    = note: this warning originates in the attribute macro `verus_spec` (in Nightly builds, run with -Z macro-backtrace for more info)

warning: #[verus_spec] is likely used inside a verus! block.
                     Consider move it out of verus! or remove #[verus_spec].
   --> init.rs:372:9
    |
372 |         reveal(HeapLocalAccess::wf);
    |         ^^^^^^
    |
    = note: this warning originates in the attribute macro `verus_spec` (in Nightly builds, run with -Z macro-backtrace for more info)

warning: #[verus_spec] is likely used inside a verus! block.
                     Consider move it out of verus! or remove #[verus_spec].
   --> init.rs:373:9
    |
373 |         reveal(HeapLocalAccess::wf_basic);
    |         ^^^^^^
    |
    = note: this warning originates in the attribute macro `verus_spec` (in Nightly builds, run with -Z macro-backtrace for more info)

warning: #[verus_spec] is likely used inside a verus! block.
                     Consider move it out of verus! or remove #[verus_spec].
   --> init.rs:374:9
    |
374 |         reveal(pages_free_direct_is_correct);
    |         ^^^^^^
    |
    = note: this warning originates in the attribute macro `verus_spec` (in Nightly builds, run with -Z macro-backtrace for more info)

warning: #[verus_spec] is likely used inside a verus! block.
                     Consider move it out of verus! or remove #[verus_spec].
   --> init.rs:375:9
    |
375 |         reveal(pages_free_direct_match);
    |         ^^^^^^
    |
    = note: this warning originates in the attribute macro `verus_spec` (in Nightly builds, run with -Z macro-backtrace for more info)

warning: #[verus_spec] is likely used inside a verus! block.
                     Consider move it out of verus! or remove #[verus_spec].
   --> init.rs:429:5
    |
429 |     #[verus_verify]
    |     ^^^^^^^^^^^^^^^
    |
    = note: this warning originates in the attribute macro `verus_spec` (in Nightly builds, run with -Z macro-backtrace for more info)

warning: #[verus_spec] is likely used inside a verus! block.
                     Consider move it out of verus! or remove #[verus_spec].
   --> init.rs:473:1
    |
473 | #[verus_verify]
    | ^^^^^^^^^^^^^^^
    |
    = note: this warning originates in the attribute macro `verus_spec` (in Nightly builds, run with -Z macro-backtrace for more info)

warning: #[verus_spec] is likely used inside a verus! block.
                     Consider move it out of verus! or remove #[verus_spec].
   --> init.rs:573:9
    |
573 |         reveal(size_of_bin);
    |         ^^^^^^
    |
    = note: this warning originates in the attribute macro `verus_spec` (in Nightly builds, run with -Z macro-backtrace for more info)

warning: #[verus_spec] is likely used inside a verus! block.
                     Consider move it out of verus! or remove #[verus_spec].
   --> init.rs:880:1
    |
880 | #[verus_verify]
    | ^^^^^^^^^^^^^^^
    |
    = note: this warning originates in the attribute macro `verus_spec` (in Nightly builds, run with -Z macro-backtrace for more info)

warning: #[verus_spec] is likely used inside a verus! block.
                     Consider move it out of verus! or remove #[verus_spec].
    --> init.rs:1019:1
     |
1019 | #[verus_verify]
     | ^^^^^^^^^^^^^^^
     |
     = note: this warning originates in the attribute macro `verus_spec` (in Nightly builds, run with -Z macro-backtrace for more info)

warning: #[verus_spec] is likely used inside a verus! block.
                     Consider move it out of verus! or remove #[verus_spec].
    --> init.rs:1061:1
     |
1061 | #[verus_verify]
     | ^^^^^^^^^^^^^^^
     |
     = note: this warning originates in the attribute macro `verus_spec` (in Nightly builds, run with -Z macro-backtrace for more info)

warning: #[verus_spec] is likely used inside a verus! block.
                     Consider move it out of verus! or remove #[verus_spec].
    --> init.rs:1212:1
     |
1212 | #[verus_verify]
     | ^^^^^^^^^^^^^^^
     |
     = note: this warning originates in the attribute macro `verus_spec` (in Nightly builds, run with -Z macro-backtrace for more info)

warning: #[verus_spec] is likely used inside a verus! block.
                     Consider move it out of verus! or remove #[verus_spec].
    --> init.rs:1291:9
     |
1291 |         reveal(EmptyPageStuff::wf);
     |         ^^^^^^
     |
     = note: this warning originates in the attribute macro `verus_spec` (in Nightly builds, run with -Z macro-backtrace for more info)

warning: #[verus_spec] is likely used inside a verus! block.
                     Consider move it out of verus! or remove #[verus_spec].
    --> init.rs:1346:1
     |
1346 | #[verus_verify]
     | ^^^^^^^^^^^^^^^
     |
     = note: this warning originates in the attribute macro `verus_spec` (in Nightly builds, run with -Z macro-backtrace for more info)

warning: #[verus_spec] is likely used inside a verus! block.
                     Consider move it out of verus! or remove #[verus_spec].
    --> init.rs:1353:1
     |
1353 | #[verus_verify]
     | ^^^^^^^^^^^^^^^
     |
     = note: this warning originates in the attribute macro `verus_spec` (in Nightly builds, run with -Z macro-backtrace for more info)

warning: #[verus_spec] is likely used inside a verus! block.
                     Consider move it out of verus! or remove #[verus_spec].
    --> queues.rs:1200:1
     |
1200 | #[verus_verify]
     | ^^^^^^^^^^^^^^^
     |
     = note: this warning originates in the attribute macro `verus_spec` (in Nightly builds, run with -Z macro-backtrace for more info)

warning: #[verus_spec] is likely used inside a verus! block.
                     Consider move it out of verus! or remove #[verus_spec].
    --> queues.rs:1316:21
     |
1316 |                     reveal(pages_free_direct_match);
     |                     ^^^^^^
     |
     = note: this warning originates in the attribute macro `verus_spec` (in Nightly builds, run with -Z macro-backtrace for more info)

warning: #[verus_spec] is likely used inside a verus! block.
                     Consider move it out of verus! or remove #[verus_spec].
    --> queues.rs:1365:21
     |
1365 |                     reveal(size_of_bin);
     |                     ^^^^^^
     |
     = note: this warning originates in the attribute macro `verus_spec` (in Nightly builds, run with -Z macro-backtrace for more info)

warning: #[verus_spec] is likely used inside a verus! block.
                     Consider move it out of verus! or remove #[verus_spec].
    --> queues.rs:1394:13
     |
1394 |             reveal(pages_free_direct_match);
     |             ^^^^^^
     |
     = note: this warning originates in the attribute macro `verus_spec` (in Nightly builds, run with -Z macro-backtrace for more info)

warning: #[verus_spec] is likely used inside a verus! block.
                     Consider move it out of verus! or remove #[verus_spec].
  --> queues.rs:27:1
   |
27 | #[verus_verify]
   | ^^^^^^^^^^^^^^^
   |
   = note: this warning originates in the attribute macro `verus_spec` (in Nightly builds, run with -Z macro-backtrace for more info)

warning: #[verus_spec] is likely used inside a verus! block.
                     Consider move it out of verus! or remove #[verus_spec].
  --> queues.rs:70:9
   |
70 |         reveal(PageOrg::State::valid_used_page);
   |         ^^^^^^
   |
   = note: this warning originates in the attribute macro `verus_spec` (in Nightly builds, run with -Z macro-backtrace for more info)

warning: #[verus_spec] is likely used inside a verus! block.
                     Consider move it out of verus! or remove #[verus_spec].
  --> queues.rs:71:9
   |
71 |         reveal(PageOrg::State::ll_basics);
   |         ^^^^^^
   |
   = note: this warning originates in the attribute macro `verus_spec` (in Nightly builds, run with -Z macro-backtrace for more info)

warning: #[verus_spec] is likely used inside a verus! block.
                     Consider move it out of verus! or remove #[verus_spec].
   --> queues.rs:154:17
    |
154 |                 reveal(PageOrg::State::valid_used_page);
    |                 ^^^^^^
    |
    = note: this warning originates in the attribute macro `verus_spec` (in Nightly builds, run with -Z macro-backtrace for more info)

warning: #[verus_spec] is likely used inside a verus! block.
                     Consider move it out of verus! or remove #[verus_spec].
   --> queues.rs:167:9
    |
167 |         reveal(Local::page_organization_valid);
    |         ^^^^^^
    |
    = note: this warning originates in the attribute macro `verus_spec` (in Nightly builds, run with -Z macro-backtrace for more info)

warning: #[verus_spec] is likely used inside a verus! block.
                     Consider move it out of verus! or remove #[verus_spec].
   --> queues.rs:199:9
    |
199 |         reveal(Local::wf_main_for_page_access);
    |         ^^^^^^
    |
    = note: this warning originates in the attribute macro `verus_spec` (in Nightly builds, run with -Z macro-backtrace for more info)

warning: #[verus_spec] is likely used inside a verus! block.
                     Consider move it out of verus! or remove #[verus_spec].
   --> queues.rs:201:9
    |
201 |         reveal(Local::wf);
    |         ^^^^^^
    |
    = note: this warning originates in the attribute macro `verus_spec` (in Nightly builds, run with -Z macro-backtrace for more info)

warning: #[verus_spec] is likely used inside a verus! block.
                     Consider move it out of verus! or remove #[verus_spec].
   --> queues.rs:202:9
    |
202 |         reveal(Local::wf_main);
    |         ^^^^^^
    |
    = note: this warning originates in the attribute macro `verus_spec` (in Nightly builds, run with -Z macro-backtrace for more info)

warning: #[verus_spec] is likely used inside a verus! block.
                     Consider move it out of verus! or remove #[verus_spec].
   --> queues.rs:203:9
    |
203 |         reveal(HeapLocalAccess::wf);
    |         ^^^^^^
    |
    = note: this warning originates in the attribute macro `verus_spec` (in Nightly builds, run with -Z macro-backtrace for more info)

warning: #[verus_spec] is likely used inside a verus! block.
                     Consider move it out of verus! or remove #[verus_spec].
   --> queues.rs:204:9
    |
204 |         reveal(pages_free_direct_is_correct);
    |         ^^^^^^
    |
    = note: this warning originates in the attribute macro `verus_spec` (in Nightly builds, run with -Z macro-backtrace for more info)

warning: #[verus_spec] is likely used inside a verus! block.
                     Consider move it out of verus! or remove #[verus_spec].
   --> queues.rs:205:9
    |
205 |         reveal(pages_free_direct_match);
    |         ^^^^^^
    |
    = note: this warning originates in the attribute macro `verus_spec` (in Nightly builds, run with -Z macro-backtrace for more info)

warning: #[verus_spec] is likely used inside a verus! block.
                     Consider move it out of verus! or remove #[verus_spec].
   --> queues.rs:288:29
    |
288 | ...                   reveal(pages_free_direct_match);
    |                       ^^^^^^
    |
    = note: this warning originates in the attribute macro `verus_spec` (in Nightly builds, run with -Z macro-backtrace for more info)

warning: #[verus_spec] is likely used inside a verus! block.
                     Consider move it out of verus! or remove #[verus_spec].
   --> queues.rs:371:17
    |
371 |                 reveal(Local::is_used_primary);
    |                 ^^^^^^
    |
    = note: this warning originates in the attribute macro `verus_spec` (in Nightly builds, run with -Z macro-backtrace for more info)

warning: #[verus_spec] is likely used inside a verus! block.
                     Consider move it out of verus! or remove #[verus_spec].
   --> queues.rs:414:1
    |
414 | #[verus_verify]
    | ^^^^^^^^^^^^^^^
    |
    = note: this warning originates in the attribute macro `verus_spec` (in Nightly builds, run with -Z macro-backtrace for more info)

warning: #[verus_spec] is likely used inside a verus! block.
                     Consider move it out of verus! or remove #[verus_spec].
   --> queues.rs:448:9
    |
448 |         reveal(PageOrg::State::ll_basics);
    |         ^^^^^^
    |
    = note: this warning originates in the attribute macro `verus_spec` (in Nightly builds, run with -Z macro-backtrace for more info)

warning: #[verus_spec] is likely used inside a verus! block.
                     Consider move it out of verus! or remove #[verus_spec].
   --> queues.rs:449:9
    |
449 |         reveal(PageOrg::State::inv_used);
    |         ^^^^^^
    |
    = note: this warning originates in the attribute macro `verus_spec` (in Nightly builds, run with -Z macro-backtrace for more info)

warning: #[verus_spec] is likely used inside a verus! block.
                     Consider move it out of verus! or remove #[verus_spec].
   --> queues.rs:503:9
    |
503 |         reveal(Local::page_organization_valid);
    |         ^^^^^^
    |
    = note: this warning originates in the attribute macro `verus_spec` (in Nightly builds, run with -Z macro-backtrace for more info)

warning: #[verus_spec] is likely used inside a verus! block.
                     Consider move it out of verus! or remove #[verus_spec].
   --> queues.rs:530:9
    |
530 |         reveal(Local::wf);
    |         ^^^^^^
    |
    = note: this warning originates in the attribute macro `verus_spec` (in Nightly builds, run with -Z macro-backtrace for more info)

warning: #[verus_spec] is likely used inside a verus! block.
                     Consider move it out of verus! or remove #[verus_spec].
   --> queues.rs:531:9
    |
531 |         reveal(Local::wf_main);
    |         ^^^^^^
    |
    = note: this warning originates in the attribute macro `verus_spec` (in Nightly builds, run with -Z macro-backtrace for more info)

warning: #[verus_spec] is likely used inside a verus! block.
                     Consider move it out of verus! or remove #[verus_spec].
   --> queues.rs:532:9
    |
532 |         reveal(HeapLocalAccess::wf);
    |         ^^^^^^
    |
    = note: this warning originates in the attribute macro `verus_spec` (in Nightly builds, run with -Z macro-backtrace for more info)

warning: #[verus_spec] is likely used inside a verus! block.
                     Consider move it out of verus! or remove #[verus_spec].
   --> queues.rs:533:9
    |
533 |         reveal(pages_free_direct_is_correct);
    |         ^^^^^^
    |
    = note: this warning originates in the attribute macro `verus_spec` (in Nightly builds, run with -Z macro-backtrace for more info)

warning: #[verus_spec] is likely used inside a verus! block.
                     Consider move it out of verus! or remove #[verus_spec].
   --> queues.rs:534:9
    |
534 |         reveal(pages_free_direct_match);
    |         ^^^^^^
    |
    = note: this warning originates in the attribute macro `verus_spec` (in Nightly builds, run with -Z macro-backtrace for more info)

warning: #[verus_spec] is likely used inside a verus! block.
                     Consider move it out of verus! or remove #[verus_spec].
   --> queues.rs:687:17
    |
687 |                 reveal(Local::is_used_primary);
    |                 ^^^^^^
    |
    = note: this warning originates in the attribute macro `verus_spec` (in Nightly builds, run with -Z macro-backtrace for more info)

warning: #[verus_spec] is likely used inside a verus! block.
                     Consider move it out of verus! or remove #[verus_spec].
    --> page.rs:1521:1
     |
1521 | #[verus_verify]
     | ^^^^^^^^^^^^^^^
     |
     = note: this warning originates in the attribute macro `verus_spec` (in Nightly builds, run with -Z macro-backtrace for more info)

warning: #[verus_spec] is likely used inside a verus! block.
                     Consider move it out of verus! or remove #[verus_spec].
    --> page.rs:1249:1
     |
1249 | #[verus_verify]
     | ^^^^^^^^^^^^^^^
     |
     = note: this warning originates in the attribute macro `verus_spec` (in Nightly builds, run with -Z macro-backtrace for more info)

warning: #[verus_spec] is likely used inside a verus! block.
                     Consider move it out of verus! or remove #[verus_spec].
    --> page.rs:1057:1
     |
1057 | #[verus_verify]
     | ^^^^^^^^^^^^^^^
     |
     = note: this warning originates in the attribute macro `verus_spec` (in Nightly builds, run with -Z macro-backtrace for more info)

warning: #[verus_spec] is likely used inside a verus! block.
                     Consider move it out of verus! or remove #[verus_spec].
   --> page.rs:985:1
    |
985 | #[verus_verify]
    | ^^^^^^^^^^^^^^^
    |
    = note: this warning originates in the attribute macro `verus_spec` (in Nightly builds, run with -Z macro-backtrace for more info)

warning: #[verus_spec] is likely used inside a verus! block.
                     Consider move it out of verus! or remove #[verus_spec].
  --> os_alloc.rs:71:1
   |
71 | #[verus_verify]
   | ^^^^^^^^^^^^^^^
   |
   = note: this warning originates in the attribute macro `verus_spec` (in Nightly builds, run with -Z macro-backtrace for more info)

warning: #[verus_spec] is likely used inside a verus! block.
                     Consider move it out of verus! or remove #[verus_spec].
   --> os_alloc.rs:409:1
    |
409 | #[verus_verify]
    | ^^^^^^^^^^^^^^^
    |
    = note: this warning originates in the attribute macro `verus_spec` (in Nightly builds, run with -Z macro-backtrace for more info)

warning: #[verus_spec] is likely used inside a verus! block.
                     Consider move it out of verus! or remove #[verus_spec].
   --> os_alloc.rs:468:1
    |
468 | #[verus_verify]
    | ^^^^^^^^^^^^^^^
    |
    = note: this warning originates in the attribute macro `verus_spec` (in Nightly builds, run with -Z macro-backtrace for more info)

warning: #[verus_spec] is likely used inside a verus! block.
                     Consider move it out of verus! or remove #[verus_spec].
   --> os_alloc.rs:475:1
    |
475 | #[verus_verify]
    | ^^^^^^^^^^^^^^^
    |
    = note: this warning originates in the attribute macro `verus_spec` (in Nightly builds, run with -Z macro-backtrace for more info)

warning: #[verus_spec] is likely used inside a verus! block.
                     Consider move it out of verus! or remove #[verus_spec].
   --> os_alloc.rs:485:1
    |
485 | #[verus_verify]
    | ^^^^^^^^^^^^^^^
    |
    = note: this warning originates in the attribute macro `verus_spec` (in Nightly builds, run with -Z macro-backtrace for more info)

warning: #[verus_spec] is likely used inside a verus! block.
                     Consider move it out of verus! or remove #[verus_spec].
   --> os_commit.rs:182:1
    |
182 | #[verus_verify]
    | ^^^^^^^^^^^^^^^
    |
    = note: this warning originates in the attribute macro `verus_spec` (in Nightly builds, run with -Z macro-backtrace for more info)

warning: #[verus_spec] is likely used inside a verus! block.
                     Consider move it out of verus! or remove #[verus_spec].
   --> commit_segment.rs:564:1
    |
564 | #[verus_verify]
    | ^^^^^^^^^^^^^^^
    |
    = note: this warning originates in the attribute macro `verus_spec` (in Nightly builds, run with -Z macro-backtrace for more info)

warning: #[verus_spec] is likely used inside a verus! block.
                     Consider move it out of verus! or remove #[verus_spec].
   --> commit_segment.rs:586:1
    |
586 | #[verus_verify]
    | ^^^^^^^^^^^^^^^
    |
    = note: this warning originates in the attribute macro `verus_spec` (in Nightly builds, run with -Z macro-backtrace for more info)

warning: #[verus_spec] is likely used inside a verus! block.
                     Consider move it out of verus! or remove #[verus_spec].
   --> commit_segment.rs:969:1
    |
969 | #[verus_verify]
    | ^^^^^^^^^^^^^^^
    |
    = note: this warning originates in the attribute macro `verus_spec` (in Nightly builds, run with -Z macro-backtrace for more info)

warning: #[verus_spec] is likely used inside a verus! block.
                     Consider move it out of verus! or remove #[verus_spec].
    --> commit_segment.rs:1821:1
     |
1821 | #[verus_verify]
     | ^^^^^^^^^^^^^^^
     |
     = note: this warning originates in the attribute macro `verus_spec` (in Nightly builds, run with -Z macro-backtrace for more info)

warning: #[verus_spec] is likely used inside a verus! block.
                     Consider move it out of verus! or remove #[verus_spec].
   --> segment.rs:371:1
    |
371 | #[verus_verify]
    | ^^^^^^^^^^^^^^^
    |
    = note: this warning originates in the attribute macro `verus_spec` (in Nightly builds, run with -Z macro-backtrace for more info)

warning: #[verus_spec] is likely used inside a verus! block.
                     Consider move it out of verus! or remove #[verus_spec].
   --> segment.rs:408:1
    |
408 | #[verus_verify]
    | ^^^^^^^^^^^^^^^
    |
    = note: this warning originates in the attribute macro `verus_spec` (in Nightly builds, run with -Z macro-backtrace for more info)

warning: #[verus_spec] is likely used inside a verus! block.
                     Consider move it out of verus! or remove #[verus_spec].
   --> segment.rs:497:17
    |
497 |                 reveal(PageOrg::State::valid_unused_page);
    |                 ^^^^^^
    |
    = note: this warning originates in the attribute macro `verus_spec` (in Nightly builds, run with -Z macro-backtrace for more info)

warning: #[verus_spec] is likely used inside a verus! block.
                     Consider move it out of verus! or remove #[verus_spec].
   --> segment.rs:506:17
    |
506 |                 reveal(PageOrg::State::valid_unused_page);
    |                 ^^^^^^
    |
    = note: this warning originates in the attribute macro `verus_spec` (in Nightly builds, run with -Z macro-backtrace for more info)

warning: #[verus_spec] is likely used inside a verus! block.
                     Consider move it out of verus! or remove #[verus_spec].
   --> segment.rs:617:21
    |
617 |                     reveal(Local::page_organization_valid);
    |                     ^^^^^^
    |
    = note: this warning originates in the attribute macro `verus_spec` (in Nightly builds, run with -Z macro-backtrace for more info)

warning: #[verus_spec] is likely used inside a verus! block.
                     Consider move it out of verus! or remove #[verus_spec].
   --> segment.rs:654:1
    |
654 | #[verus_verify]
    | ^^^^^^^^^^^^^^^
    |
    = note: this warning originates in the attribute macro `verus_spec` (in Nightly builds, run with -Z macro-backtrace for more info)

warning: #[verus_spec] is likely used inside a verus! block.
                     Consider move it out of verus! or remove #[verus_spec].
   --> segment.rs:830:13
    |
830 |             reveal(Local::is_used_primary);
    |             ^^^^^^
    |
    = note: this warning originates in the attribute macro `verus_spec` (in Nightly builds, run with -Z macro-backtrace for more info)

warning: #[verus_spec] is likely used inside a verus! block.
                     Consider move it out of verus! or remove #[verus_spec].
   --> segment.rs:845:1
    |
845 | #[verus_verify]
    | ^^^^^^^^^^^^^^^
    |
    = note: this warning originates in the attribute macro `verus_spec` (in Nightly builds, run with -Z macro-backtrace for more info)

warning: #[verus_spec] is likely used inside a verus! block.
                     Consider move it out of verus! or remove #[verus_spec].
   --> segment.rs:945:13
    |
945 |             reveal(PageOrg::State::ll_basics);
    |             ^^^^^^
    |
    = note: this warning originates in the attribute macro `verus_spec` (in Nightly builds, run with -Z macro-backtrace for more info)

warning: #[verus_spec] is likely used inside a verus! block.
                     Consider move it out of verus! or remove #[verus_spec].
   --> segment.rs:946:13
    |
946 |             reveal(PageOrg::State::ll_inv_valid_unused);
    |             ^^^^^^
    |
    = note: this warning originates in the attribute macro `verus_spec` (in Nightly builds, run with -Z macro-backtrace for more info)

warning: #[verus_spec] is likely used inside a verus! block.
                     Consider move it out of verus! or remove #[verus_spec].
   --> segment.rs:947:13
    |
947 |             reveal(PageOrg::State::valid_unused_page);
    |             ^^^^^^
    |
    = note: this warning originates in the attribute macro `verus_spec` (in Nightly builds, run with -Z macro-backtrace for more info)

warning: #[verus_spec] is likely used inside a verus! block.
                     Consider move it out of verus! or remove #[verus_spec].
    --> segment.rs:1144:13
     |
1144 |             reveal(Local::is_used_primary);
     |             ^^^^^^
     |
     = note: this warning originates in the attribute macro `verus_spec` (in Nightly builds, run with -Z macro-backtrace for more info)

warning: #[verus_spec] is likely used inside a verus! block.
                     Consider move it out of verus! or remove #[verus_spec].
    --> segment.rs:1159:1
     |
1159 | #[verus_verify]
     | ^^^^^^^^^^^^^^^
     |
     = note: this warning originates in the attribute macro `verus_spec` (in Nightly builds, run with -Z macro-backtrace for more info)

warning: #[verus_spec] is likely used inside a verus! block.
                     Consider move it out of verus! or remove #[verus_spec].
    --> segment.rs:1203:9
     |
1203 |         reveal(segment_span_allocate_page_org_pre);
     |         ^^^^^^
     |
     = note: this warning originates in the attribute macro `verus_spec` (in Nightly builds, run with -Z macro-backtrace for more info)

warning: #[verus_spec] is likely used inside a verus! block.
                     Consider move it out of verus! or remove #[verus_spec].
    --> segment.rs:1756:13
     |
1756 |             reveal(page_organization_pages_match_data);
     |             ^^^^^^
     |
     = note: this warning originates in the attribute macro `verus_spec` (in Nightly builds, run with -Z macro-backtrace for more info)

warning: #[verus_spec] is likely used inside a verus! block.
                     Consider move it out of verus! or remove #[verus_spec].
    --> segment.rs:2922:1
     |
2922 | #[verus_verify]
     | ^^^^^^^^^^^^^^^
     |
     = note: this warning originates in the attribute macro `verus_spec` (in Nightly builds, run with -Z macro-backtrace for more info)

warning: #[verus_spec] is likely used inside a verus! block.
                     Consider move it out of verus! or remove #[verus_spec].
    --> segment.rs:3000:1
     |
3000 | #[verus_verify]
     | ^^^^^^^^^^^^^^^
     |
     = note: this warning originates in the attribute macro `verus_spec` (in Nightly builds, run with -Z macro-backtrace for more info)

warning: #[verus_spec] is likely used inside a verus! block.
                     Consider move it out of verus! or remove #[verus_spec].
    --> segment.rs:3490:1
     |
3490 | #[verus_verify]
     | ^^^^^^^^^^^^^^^
     |
     = note: this warning originates in the attribute macro `verus_spec` (in Nightly builds, run with -Z macro-backtrace for more info)

warning: #[verus_spec] is likely used inside a verus! block.
                     Consider move it out of verus! or remove #[verus_spec].
    --> segment.rs:3541:1
     |
3541 | #[verus_verify]
     | ^^^^^^^^^^^^^^^
     |
     = note: this warning originates in the attribute macro `verus_spec` (in Nightly builds, run with -Z macro-backtrace for more info)

warning: #[verus_spec] is likely used inside a verus! block.
                     Consider move it out of verus! or remove #[verus_spec].
    --> segment.rs:3589:9
     |
3589 |         reveal(PageOrg::State::page_id_domain);
     |         ^^^^^^
     |
     = note: this warning originates in the attribute macro `verus_spec` (in Nightly builds, run with -Z macro-backtrace for more info)

warning: #[verus_spec] is likely used inside a verus! block.
                     Consider move it out of verus! or remove #[verus_spec].
    --> segment.rs:3946:1
     |
3946 | #[verus_verify]
     | ^^^^^^^^^^^^^^^
     |
     = note: this warning originates in the attribute macro `verus_spec` (in Nightly builds, run with -Z macro-backtrace for more info)

warning: #[verus_spec] is likely used inside a verus! block.
                     Consider move it out of verus! or remove #[verus_spec].
    --> segment.rs:4246:1
     |
4246 | #[verus_verify]
     | ^^^^^^^^^^^^^^^
     |
     = note: this warning originates in the attribute macro `verus_spec` (in Nightly builds, run with -Z macro-backtrace for more info)

warning: #[verus_spec] is likely used inside a verus! block.
                     Consider move it out of verus! or remove #[verus_spec].
   --> free.rs:944:1
    |
944 | #[verus_verify]
    | ^^^^^^^^^^^^^^^
    |
    = note: this warning originates in the attribute macro `verus_spec` (in Nightly builds, run with -Z macro-backtrace for more info)

warning: #[verus_spec] is likely used inside a verus! block.
                     Consider move it out of verus! or remove #[verus_spec].
   --> free.rs:968:9
    |
968 |         reveal(Local::wf);
    |         ^^^^^^
    |
    = note: this warning originates in the attribute macro `verus_spec` (in Nightly builds, run with -Z macro-backtrace for more info)

warning: #[verus_spec] is likely used inside a verus! block.
                     Consider move it out of verus! or remove #[verus_spec].
   --> free.rs:969:9
    |
969 |         reveal(Local::wf_main);
    |         ^^^^^^
    |
    = note: this warning originates in the attribute macro `verus_spec` (in Nightly builds, run with -Z macro-backtrace for more info)

warning: #[verus_spec] is likely used inside a verus! block.
                     Consider move it out of verus! or remove #[verus_spec].
   --> free.rs:970:9
    |
970 |         reveal(MimDeallocInner::wf);
    |         ^^^^^^
    |
    = note: this warning originates in the attribute macro `verus_spec` (in Nightly builds, run with -Z macro-backtrace for more info)

warning: #[verus_spec] is likely used inside a verus! block.
                     Consider move it out of verus! or remove #[verus_spec].
   --> free.rs:971:9
    |
971 |         reveal(valid_block_token);
    |         ^^^^^^
    |
    = note: this warning originates in the attribute macro `verus_spec` (in Nightly builds, run with -Z macro-backtrace for more info)

warning: #[verus_spec] is likely used inside a verus! block.
                     Consider move it out of verus! or remove #[verus_spec].
   --> free.rs:594:1
    |
594 | #[verus_verify]
    | ^^^^^^^^^^^^^^^
    |
    = note: this warning originates in the attribute macro `verus_spec` (in Nightly builds, run with -Z macro-backtrace for more info)

warning: #[verus_spec] is likely used inside a verus! block.
                     Consider move it out of verus! or remove #[verus_spec].
   --> free.rs:662:13
    |
662 |             reveal(MimDeallocInner::wf);
    |             ^^^^^^
    |
    = note: this warning originates in the attribute macro `verus_spec` (in Nightly builds, run with -Z macro-backtrace for more info)

warning: #[verus_spec] is likely used inside a verus! block.
                     Consider move it out of verus! or remove #[verus_spec].
   --> free.rs:663:13
    |
663 |             reveal(valid_block_token);
    |             ^^^^^^
    |
    = note: this warning originates in the attribute macro `verus_spec` (in Nightly builds, run with -Z macro-backtrace for more info)

warning: #[verus_spec] is likely used inside a verus! block.
                     Consider move it out of verus! or remove #[verus_spec].
   --> free.rs:302:1
    |
302 | #[verus_verify]
    | ^^^^^^^^^^^^^^^
    |
    = note: this warning originates in the attribute macro `verus_spec` (in Nightly builds, run with -Z macro-backtrace for more info)

warning: #[verus_spec] is likely used inside a verus! block.
                     Consider move it out of verus! or remove #[verus_spec].
   --> free.rs:272:1
    |
272 | #[verus_verify]
    | ^^^^^^^^^^^^^^^
    |
    = note: this warning originates in the attribute macro `verus_spec` (in Nightly builds, run with -Z macro-backtrace for more info)

warning: #[verus_spec] is likely used inside a verus! block.
                     Consider move it out of verus! or remove #[verus_spec].
   --> free.rs:110:9
    |
110 | verus!{ #[verus_verify]
    |         ^^^^^^^^^^^^^^^
    |
    = note: this warning originates in the attribute macro `verus_spec` (in Nightly builds, run with -Z macro-backtrace for more info)

warning: #[verus_spec] is likely used inside a verus! block.
                     Consider move it out of verus! or remove #[verus_spec].
   --> alloc_generic.rs:595:1
    |
595 | #[verus_verify]
    | ^^^^^^^^^^^^^^^
    |
    = note: this warning originates in the attribute macro `verus_spec` (in Nightly builds, run with -Z macro-backtrace for more info)

warning: #[verus_spec] is likely used inside a verus! block.
                     Consider move it out of verus! or remove #[verus_spec].
  --> alloc_fast.rs:32:1
   |
32 | #[verus_verify]
   | ^^^^^^^^^^^^^^^
   |
   = note: this warning originates in the attribute macro `verus_spec` (in Nightly builds, run with -Z macro-backtrace for more info)

warning: #[verus_spec] is likely used inside a verus! block.
                     Consider move it out of verus! or remove #[verus_spec].
  --> alloc_fast.rs:57:1
   |
57 | #[verus_verify]
   | ^^^^^^^^^^^^^^^
   |
   = note: this warning originates in the attribute macro `verus_spec` (in Nightly builds, run with -Z macro-backtrace for more info)

warning: #[verus_spec] is likely used inside a verus! block.
                     Consider move it out of verus! or remove #[verus_spec].
   --> commit_mask.rs:455:5
    |
455 |     #[verus_verify]
    |     ^^^^^^^^^^^^^^^
    |
    = note: this warning originates in the attribute macro `verus_spec` (in Nightly builds, run with -Z macro-backtrace for more info)

warning: #[verus_spec] is likely used inside a verus! block.
                     Consider move it out of verus! or remove #[verus_spec].
   --> commit_mask.rs:467:5
    |
467 |     #[verus_verify]
    |     ^^^^^^^^^^^^^^^
    |
    = note: this warning originates in the attribute macro `verus_spec` (in Nightly builds, run with -Z macro-backtrace for more info)

warning: #[verus_spec] is likely used inside a verus! block.
                     Consider move it out of verus! or remove #[verus_spec].
   --> commit_mask.rs:515:5
    |
515 |     #[verus_verify]
    |     ^^^^^^^^^^^^^^^
    |
    = note: this warning originates in the attribute macro `verus_spec` (in Nightly builds, run with -Z macro-backtrace for more info)

warning: #[verus_spec] is likely used inside a verus! block.
                     Consider move it out of verus! or remove #[verus_spec].
   --> commit_mask.rs:532:5
    |
532 |     #[verus_verify]
    |     ^^^^^^^^^^^^^^^
    |
    = note: this warning originates in the attribute macro `verus_spec` (in Nightly builds, run with -Z macro-backtrace for more info)

warning: #[verus_spec] is likely used inside a verus! block.
                     Consider move it out of verus! or remove #[verus_spec].
   --> commit_mask.rs:619:5
    |
619 |     #[verus_verify]
    |     ^^^^^^^^^^^^^^^
    |
    = note: this warning originates in the attribute macro `verus_spec` (in Nightly builds, run with -Z macro-backtrace for more info)

warning: #[verus_spec] is likely used inside a verus! block.
                     Consider move it out of verus! or remove #[verus_spec].
   --> commit_mask.rs:664:5
    |
664 |     #[verus_verify]
    |     ^^^^^^^^^^^^^^^
    |
    = note: this warning originates in the attribute macro `verus_spec` (in Nightly builds, run with -Z macro-backtrace for more info)

warning: #[verus_spec] is likely used inside a verus! block.
                     Consider move it out of verus! or remove #[verus_spec].
   --> commit_mask.rs:917:5
    |
917 |     #[verus_verify]
    |     ^^^^^^^^^^^^^^^
    |
    = note: this warning originates in the attribute macro `verus_spec` (in Nightly builds, run with -Z macro-backtrace for more info)

warning: #[verus_spec] is likely used inside a verus! block.
                     Consider move it out of verus! or remove #[verus_spec].
   --> commit_mask.rs:935:5
    |
935 |     #[verus_verify]
    |     ^^^^^^^^^^^^^^^
    |
    = note: this warning originates in the attribute macro `verus_spec` (in Nightly builds, run with -Z macro-backtrace for more info)

warning: #[verus_spec] is likely used inside a verus! block.
                     Consider move it out of verus! or remove #[verus_spec].
   --> commit_mask.rs:983:5
    |
983 |     #[verus_verify]
    |     ^^^^^^^^^^^^^^^
    |
    = note: this warning originates in the attribute macro `verus_spec` (in Nightly builds, run with -Z macro-backtrace for more info)

warning: #[verus_spec] is likely used inside a verus! block.
                     Consider move it out of verus! or remove #[verus_spec].
    --> commit_mask.rs:1328:5
     |
1328 |     #[verus_verify]
     |     ^^^^^^^^^^^^^^^
     |
     = note: this warning originates in the attribute macro `verus_spec` (in Nightly builds, run with -Z macro-backtrace for more info)

warning: #[verus_spec] is likely used inside a verus! block.
                     Consider move it out of verus! or remove #[verus_spec].
    --> commit_mask.rs:1345:5
     |
1345 |     #[verus_verify]
     |     ^^^^^^^^^^^^^^^
     |
     = note: this warning originates in the attribute macro `verus_spec` (in Nightly builds, run with -Z macro-backtrace for more info)

warning: #[verus_spec] is likely used inside a verus! block.
                     Consider move it out of verus! or remove #[verus_spec].
    --> linked_list.rs:3619:1
     |
3619 | #[verus_verify]
     | ^^^^^^^^^^^^^^^
     |
     = note: this warning originates in the attribute macro `verus_spec` (in Nightly builds, run with -Z macro-backtrace for more info)

warning: #[verus_spec] is likely used inside a verus! block.
                     Consider move it out of verus! or remove #[verus_spec].
    --> linked_list.rs:3637:1
     |
3637 | #[verus_verify]
     | ^^^^^^^^^^^^^^^
     |
     = note: this warning originates in the attribute macro `verus_spec` (in Nightly builds, run with -Z macro-backtrace for more info)

warning: #[verus_spec] is likely used inside a verus! block.
                     Consider move it out of verus! or remove #[verus_spec].
    --> linked_list.rs:3655:1
     |
3655 | #[verus_verify]
     | ^^^^^^^^^^^^^^^
     |
     = note: this warning originates in the attribute macro `verus_spec` (in Nightly builds, run with -Z macro-backtrace for more info)

warning: #[verus_spec] is likely used inside a verus! block.
                     Consider move it out of verus! or remove #[verus_spec].
    --> linked_list.rs:3673:1
     |
3673 | #[verus_verify]
     | ^^^^^^^^^^^^^^^
     |
     = note: this warning originates in the attribute macro `verus_spec` (in Nightly builds, run with -Z macro-backtrace for more info)

warning: #[verus_spec] is likely used inside a verus! block.
                     Consider move it out of verus! or remove #[verus_spec].
    --> linked_list.rs:3697:1
     |
3697 | #[verus_verify]
     | ^^^^^^^^^^^^^^^
     |
     = note: this warning originates in the attribute macro `verus_spec` (in Nightly builds, run with -Z macro-backtrace for more info)

warning: #[verus_spec] is likely used inside a verus! block.
                     Consider move it out of verus! or remove #[verus_spec].
    --> linked_list.rs:3718:1
     |
3718 | #[verus_verify]
     | ^^^^^^^^^^^^^^^
     |
     = note: this warning originates in the attribute macro `verus_spec` (in Nightly builds, run with -Z macro-backtrace for more info)

warning: #[verus_spec] is likely used inside a verus! block.
                     Consider move it out of verus! or remove #[verus_spec].
    --> linked_list.rs:1456:5
     |
1456 |     #[verus_verify]
     |     ^^^^^^^^^^^^^^^
     |
     = note: this warning originates in the attribute macro `verus_spec` (in Nightly builds, run with -Z macro-backtrace for more info)

warning: #[verus_spec] is likely used inside a verus! block.
                     Consider move it out of verus! or remove #[verus_spec].
    --> linked_list.rs:1658:5
     |
1658 |     #[verus_verify]
     |     ^^^^^^^^^^^^^^^
     |
     = note: this warning originates in the attribute macro `verus_spec` (in Nightly builds, run with -Z macro-backtrace for more info)

warning: #[verus_spec] is likely used inside a verus! block.
                     Consider move it out of verus! or remove #[verus_spec].
   --> linked_list.rs:397:5
    |
397 |     #[verus_verify]
    |     ^^^^^^^^^^^^^^^
    |
    = note: this warning originates in the attribute macro `verus_spec` (in Nightly builds, run with -Z macro-backtrace for more info)

warning: #[verus_spec] is likely used inside a verus! block.
                     Consider move it out of verus! or remove #[verus_spec].
   --> bin_sizes.rs:747:1
    |
747 | #[verus_verify]
    | ^^^^^^^^^^^^^^^
    |
    = note: this warning originates in the attribute macro `verus_spec` (in Nightly builds, run with -Z macro-backtrace for more info)

warning: #[verus_spec] is likely used inside a verus! block.
                     Consider move it out of verus! or remove #[verus_spec].
   --> bin_sizes.rs:967:1
    |
967 | #[verus_verify]
    | ^^^^^^^^^^^^^^^
    |
    = note: this warning originates in the attribute macro `verus_spec` (in Nightly builds, run with -Z macro-backtrace for more info)

warning: #[verus_spec] is likely used inside a verus! block.
                     Consider move it out of verus! or remove #[verus_spec].
   --> config.rs:119:1
    |
119 | #[verus_verify]
    | ^^^^^^^^^^^^^^^
    |
    = note: this warning originates in the attribute macro `verus_spec` (in Nightly builds, run with -Z macro-backtrace for more info)

warning: #[verus_spec] is likely used inside a verus! block.
                     Consider move it out of verus! or remove #[verus_spec].
   --> config.rs:123:1
    |
123 | #[verus_verify]
    | ^^^^^^^^^^^^^^^
    |
    = note: this warning originates in the attribute macro `verus_spec` (in Nightly builds, run with -Z macro-backtrace for more info)

warning: #[verus_spec] is likely used inside a verus! block.
                     Consider move it out of verus! or remove #[verus_spec].
   --> config.rs:127:1
    |
127 | #[verus_verify]
    | ^^^^^^^^^^^^^^^
    |
    = note: this warning originates in the attribute macro `verus_spec` (in Nightly builds, run with -Z macro-backtrace for more info)

warning: #[verus_spec] is likely used inside a verus! block.
                     Consider move it out of verus! or remove #[verus_spec].
   --> config.rs:131:1
    |
131 | #[verus_verify]
    | ^^^^^^^^^^^^^^^
    |
    = note: this warning originates in the attribute macro `verus_spec` (in Nightly builds, run with -Z macro-backtrace for more info)

warning: #[verus_spec] is likely used inside a verus! block.
                     Consider move it out of verus! or remove #[verus_spec].
   --> config.rs:139:1
    |
139 | #[verus_verify]
    | ^^^^^^^^^^^^^^^
    |
    = note: this warning originates in the attribute macro `verus_spec` (in Nightly builds, run with -Z macro-backtrace for more info)

warning: #[verus_spec] is likely used inside a verus! block.
                     Consider move it out of verus! or remove #[verus_spec].
   --> config.rs:143:1
    |
143 | #[verus_verify]
    | ^^^^^^^^^^^^^^^
    |
    = note: this warning originates in the attribute macro `verus_spec` (in Nightly builds, run with -Z macro-backtrace for more info)

warning: #[verus_spec] is likely used inside a verus! block.
                     Consider move it out of verus! or remove #[verus_spec].
   --> layout.rs:559:1
    |
559 | #[verus_verify]
    | ^^^^^^^^^^^^^^^
    |
    = note: this warning originates in the attribute macro `verus_spec` (in Nightly builds, run with -Z macro-backtrace for more info)

warning: #[verus_spec] is likely used inside a verus! block.
                     Consider move it out of verus! or remove #[verus_spec].
   --> layout.rs:569:9
    |
569 |         reveal(is_block_ptr1);
    |         ^^^^^^
    |
    = note: this warning originates in the attribute macro `verus_spec` (in Nightly builds, run with -Z macro-backtrace for more info)

warning: #[verus_spec] is likely used inside a verus! block.
                     Consider move it out of verus! or remove #[verus_spec].
   --> layout.rs:586:9
    |
586 |         reveal(is_block_ptr1);
    |         ^^^^^^
    |
    = note: this warning originates in the attribute macro `verus_spec` (in Nightly builds, run with -Z macro-backtrace for more info)

warning: #[verus_spec] is likely used inside a verus! block.
                     Consider move it out of verus! or remove #[verus_spec].
   --> layout.rs:668:1
    |
668 | #[verus_verify]
    | ^^^^^^^^^^^^^^^
    |
    = note: this warning originates in the attribute macro `verus_spec` (in Nightly builds, run with -Z macro-backtrace for more info)

warning: #[verus_spec] is likely used inside a verus! block.
                     Consider move it out of verus! or remove #[verus_spec].
   --> layout.rs:679:9
    |
679 |         reveal(is_block_ptr1);
    |         ^^^^^^
    |
    = note: this warning originates in the attribute macro `verus_spec` (in Nightly builds, run with -Z macro-backtrace for more info)

warning: #[verus_spec] is likely used inside a verus! block.
                     Consider move it out of verus! or remove #[verus_spec].
   --> layout.rs:695:9
    |
695 |         reveal(is_block_ptr1);
    |         ^^^^^^
    |
    = note: this warning originates in the attribute macro `verus_spec` (in Nightly builds, run with -Z macro-backtrace for more info)

warning: #[verus_spec] is likely used inside a verus! block.
                     Consider move it out of verus! or remove #[verus_spec].
   --> layout.rs:741:9
    |
741 |         reveal(is_block_ptr1);
    |         ^^^^^^
    |
    = note: this warning originates in the attribute macro `verus_spec` (in Nightly builds, run with -Z macro-backtrace for more info)

warning: #[verus_spec] is likely used inside a verus! block.
                     Consider move it out of verus! or remove #[verus_spec].
   --> layout.rs:784:1
    |
784 | #[verus_verify]
    | ^^^^^^^^^^^^^^^
    |
    = note: this warning originates in the attribute macro `verus_spec` (in Nightly builds, run with -Z macro-backtrace for more info)

warning: #[verus_spec] is likely used inside a verus! block.
                     Consider move it out of verus! or remove #[verus_spec].
   --> layout.rs:864:1
    |
864 | #[verus_verify]
    | ^^^^^^^^^^^^^^^
    |
    = note: this warning originates in the attribute macro `verus_spec` (in Nightly builds, run with -Z macro-backtrace for more info)

warning: #[verus_spec] is likely used inside a verus! block.
                     Consider move it out of verus! or remove #[verus_spec].
   --> layout.rs:881:1
    |
881 | #[verus_verify]
    | ^^^^^^^^^^^^^^^
    |
    = note: this warning originates in the attribute macro `verus_spec` (in Nightly builds, run with -Z macro-backtrace for more info)

warning: #[verus_spec] is likely used inside a verus! block.
                     Consider move it out of verus! or remove #[verus_spec].
   --> layout.rs:981:1
    |
981 | #[verus_verify]
    | ^^^^^^^^^^^^^^^
    |
    = note: this warning originates in the attribute macro `verus_spec` (in Nightly builds, run with -Z macro-backtrace for more info)

warning: #[verus_spec] is likely used inside a verus! block.
                     Consider move it out of verus! or remove #[verus_spec].
    --> layout.rs:1071:9
     |
1071 |         reveal(crate::layout::start_offset);
     |         ^^^^^^
     |
     = note: this warning originates in the attribute macro `verus_spec` (in Nightly builds, run with -Z macro-backtrace for more info)

warning: #[verus_spec] is likely used inside a verus! block.
                     Consider move it out of verus! or remove #[verus_spec].
    --> layout.rs:1110:1
     |
1110 | #[verus_verify]
     | ^^^^^^^^^^^^^^^
     |
     = note: this warning originates in the attribute macro `verus_spec` (in Nightly builds, run with -Z macro-backtrace for more info)

warning: #[verus_spec] is likely used inside a verus! block.
                     Consider move it out of verus! or remove #[verus_spec].
    --> layout.rs:1178:1
     |
1178 | #[verus_verify]
     | ^^^^^^^^^^^^^^^
     |
     = note: this warning originates in the attribute macro `verus_spec` (in Nightly builds, run with -Z macro-backtrace for more info)

warning: #[verus_spec] is likely used inside a verus! block.
                     Consider move it out of verus! or remove #[verus_spec].
    --> layout.rs:1278:5
     |
1278 |     #[verus_verify]
     |     ^^^^^^^^^^^^^^^
     |
     = note: this warning originates in the attribute macro `verus_spec` (in Nightly builds, run with -Z macro-backtrace for more info)

warning: #[verus_spec] is likely used inside a verus! block.
                     Consider move it out of verus! or remove #[verus_spec].
    --> layout.rs:1351:1
     |
1351 | #[verus_verify]
     | ^^^^^^^^^^^^^^^
     |
     = note: this warning originates in the attribute macro `verus_spec` (in Nightly builds, run with -Z macro-backtrace for more info)

warning: #[verus_spec] is likely used inside a verus! block.
                     Consider move it out of verus! or remove #[verus_spec].
    --> layout.rs:1357:9
     |
1357 |         reveal(start_offset);
     |         ^^^^^^
     |
     = note: this warning originates in the attribute macro `verus_spec` (in Nightly builds, run with -Z macro-backtrace for more info)

warning: #[verus_spec] is likely used inside a verus! block.
                     Consider move it out of verus! or remove #[verus_spec].
  --> flags.rs:36:5
   |
36 |     #[verus_verify]
   |     ^^^^^^^^^^^^^^^
   |
   = note: this warning originates in the attribute macro `verus_spec` (in Nightly builds, run with -Z macro-backtrace for more info)

warning: #[verus_spec] is likely used inside a verus! block.
                     Consider move it out of verus! or remove #[verus_spec].
  --> flags.rs:58:5
   |
58 |     #[verus_verify]
   |     ^^^^^^^^^^^^^^^
   |
   = note: this warning originates in the attribute macro `verus_spec` (in Nightly builds, run with -Z macro-backtrace for more info)

warning: #[verus_spec] is likely used inside a verus! block.
                     Consider move it out of verus! or remove #[verus_spec].
  --> flags.rs:88:5
   |
88 |     #[verus_verify]
   |     ^^^^^^^^^^^^^^^
   |
   = note: this warning originates in the attribute macro `verus_spec` (in Nightly builds, run with -Z macro-backtrace for more info)

warning: #[verus_spec] is likely used inside a verus! block.
                     Consider move it out of verus! or remove #[verus_spec].
    --> types.rs:1146:5
     |
1146 |     #[verus_verify]
     |     ^^^^^^^^^^^^^^^
     |
     = note: this warning originates in the attribute macro `verus_spec` (in Nightly builds, run with -Z macro-backtrace for more info)

warning: #[verus_spec] is likely used inside a verus! block.
                     Consider move it out of verus! or remove #[verus_spec].
    --> types.rs:1168:5
     |
1168 |     #[verus_verify]
     |     ^^^^^^^^^^^^^^^
     |
     = note: this warning originates in the attribute macro `verus_spec` (in Nightly builds, run with -Z macro-backtrace for more info)

warning: #[verus_spec] is likely used inside a verus! block.
                     Consider move it out of verus! or remove #[verus_spec].
    --> types.rs:1186:5
     |
1186 |     #[verus_verify]
     |     ^^^^^^^^^^^^^^^
     |
     = note: this warning originates in the attribute macro `verus_spec` (in Nightly builds, run with -Z macro-backtrace for more info)

warning: #[verus_spec] is likely used inside a verus! block.
                     Consider move it out of verus! or remove #[verus_spec].
    --> types.rs:1203:5
     |
1203 |     #[verus_verify]
     |     ^^^^^^^^^^^^^^^
     |
     = note: this warning originates in the attribute macro `verus_spec` (in Nightly builds, run with -Z macro-backtrace for more info)

warning: #[verus_spec] is likely used inside a verus! block.
                     Consider move it out of verus! or remove #[verus_spec].
    --> types.rs:1231:5
     |
1231 |     #[verus_verify]
     |     ^^^^^^^^^^^^^^^
     |
     = note: this warning originates in the attribute macro `verus_spec` (in Nightly builds, run with -Z macro-backtrace for more info)

warning: #[verus_spec] is likely used inside a verus! block.
                     Consider move it out of verus! or remove #[verus_spec].
    --> types.rs:1248:5
     |
1248 |     #[verus_verify]
     |     ^^^^^^^^^^^^^^^
     |
     = note: this warning originates in the attribute macro `verus_spec` (in Nightly builds, run with -Z macro-backtrace for more info)

warning: #[verus_spec] is likely used inside a verus! block.
                     Consider move it out of verus! or remove #[verus_spec].
    --> types.rs:1276:5
     |
1276 |     #[verus_verify]
     |     ^^^^^^^^^^^^^^^
     |
     = note: this warning originates in the attribute macro `verus_spec` (in Nightly builds, run with -Z macro-backtrace for more info)

warning: #[verus_spec] is likely used inside a verus! block.
                     Consider move it out of verus! or remove #[verus_spec].
    --> types.rs:1293:5
     |
1293 |     #[verus_verify]
     |     ^^^^^^^^^^^^^^^
     |
     = note: this warning originates in the attribute macro `verus_spec` (in Nightly builds, run with -Z macro-backtrace for more info)

warning: #[verus_spec] is likely used inside a verus! block.
                     Consider move it out of verus! or remove #[verus_spec].
    --> types.rs:1321:5
     |
1321 |     #[verus_verify]
     |     ^^^^^^^^^^^^^^^
     |
     = note: this warning originates in the attribute macro `verus_spec` (in Nightly builds, run with -Z macro-backtrace for more info)

warning: #[verus_spec] is likely used inside a verus! block.
                     Consider move it out of verus! or remove #[verus_spec].
    --> types.rs:1339:5
     |
1339 |     #[verus_verify]
     |     ^^^^^^^^^^^^^^^
     |
     = note: this warning originates in the attribute macro `verus_spec` (in Nightly builds, run with -Z macro-backtrace for more info)

warning: #[verus_spec] is likely used inside a verus! block.
                     Consider move it out of verus! or remove #[verus_spec].
    --> types.rs:1352:5
     |
1352 |     #[verus_verify]
     |     ^^^^^^^^^^^^^^^
     |
     = note: this warning originates in the attribute macro `verus_spec` (in Nightly builds, run with -Z macro-backtrace for more info)

warning: #[verus_spec] is likely used inside a verus! block.
                     Consider move it out of verus! or remove #[verus_spec].
    --> types.rs:1420:5
     |
1420 |     #[verus_verify]
     |     ^^^^^^^^^^^^^^^
     |
     = note: this warning originates in the attribute macro `verus_spec` (in Nightly builds, run with -Z macro-backtrace for more info)

warning: #[verus_spec] is likely used inside a verus! block.
                     Consider move it out of verus! or remove #[verus_spec].
    --> types.rs:1437:5
     |
1437 |     #[verus_verify]
     |     ^^^^^^^^^^^^^^^
     |
     = note: this warning originates in the attribute macro `verus_spec` (in Nightly builds, run with -Z macro-backtrace for more info)

warning: #[verus_spec] is likely used inside a verus! block.
                     Consider move it out of verus! or remove #[verus_spec].
    --> types.rs:1473:5
     |
1473 |     #[verus_verify]
     |     ^^^^^^^^^^^^^^^
     |
     = note: this warning originates in the attribute macro `verus_spec` (in Nightly builds, run with -Z macro-backtrace for more info)

warning: #[verus_spec] is likely used inside a verus! block.
                     Consider move it out of verus! or remove #[verus_spec].
    --> types.rs:1515:5
     |
1515 |     #[verus_verify]
     |     ^^^^^^^^^^^^^^^
     |
     = note: this warning originates in the attribute macro `verus_spec` (in Nightly builds, run with -Z macro-backtrace for more info)

warning: #[verus_spec] is likely used inside a verus! block.
                     Consider move it out of verus! or remove #[verus_spec].
    --> types.rs:1524:5
     |
1524 |     #[verus_verify]
     |     ^^^^^^^^^^^^^^^
     |
     = note: this warning originates in the attribute macro `verus_spec` (in Nightly builds, run with -Z macro-backtrace for more info)

warning: #[verus_spec] is likely used inside a verus! block.
                     Consider move it out of verus! or remove #[verus_spec].
    --> types.rs:1535:5
     |
1535 |     #[verus_verify]
     |     ^^^^^^^^^^^^^^^
     |
     = note: this warning originates in the attribute macro `verus_spec` (in Nightly builds, run with -Z macro-backtrace for more info)

warning: #[verus_spec] is likely used inside a verus! block.
                     Consider move it out of verus! or remove #[verus_spec].
    --> types.rs:1650:5
     |
1650 |     #[verus_verify]
     |     ^^^^^^^^^^^^^^^
     |
     = note: this warning originates in the attribute macro `verus_spec` (in Nightly builds, run with -Z macro-backtrace for more info)

warning: #[verus_spec] is likely used inside a verus! block.
                     Consider move it out of verus! or remove #[verus_spec].
    --> types.rs:1727:5
     |
1727 |     #[verus_verify]
     |     ^^^^^^^^^^^^^^^
     |
     = note: this warning originates in the attribute macro `verus_spec` (in Nightly builds, run with -Z macro-backtrace for more info)

warning: #[verus_spec] is likely used inside a verus! block.
                     Consider move it out of verus! or remove #[verus_spec].
    --> types.rs:1760:5
     |
1760 |     #[verus_verify]
     |     ^^^^^^^^^^^^^^^
     |
     = note: this warning originates in the attribute macro `verus_spec` (in Nightly builds, run with -Z macro-backtrace for more info)

warning: #[verus_spec] is likely used inside a verus! block.
                     Consider move it out of verus! or remove #[verus_spec].
    --> types.rs:1789:5
     |
1789 |     #[verus_verify]
     |     ^^^^^^^^^^^^^^^
     |
     = note: this warning originates in the attribute macro `verus_spec` (in Nightly builds, run with -Z macro-backtrace for more info)

warning: #[verus_spec] is likely used inside a verus! block.
                     Consider move it out of verus! or remove #[verus_spec].
    --> types.rs:1818:5
     |
1818 |     #[verus_verify]
     |     ^^^^^^^^^^^^^^^
     |
     = note: this warning originates in the attribute macro `verus_spec` (in Nightly builds, run with -Z macro-backtrace for more info)

warning: #[verus_spec] is likely used inside a verus! block.
                     Consider move it out of verus! or remove #[verus_spec].
    --> types.rs:1831:5
     |
1831 |     #[verus_verify]
     |     ^^^^^^^^^^^^^^^
     |
     = note: this warning originates in the attribute macro `verus_spec` (in Nightly builds, run with -Z macro-backtrace for more info)

warning: #[verus_spec] is likely used inside a verus! block.
                     Consider move it out of verus! or remove #[verus_spec].
    --> types.rs:1844:5
     |
1844 |     #[verus_verify]
     |     ^^^^^^^^^^^^^^^
     |
     = note: this warning originates in the attribute macro `verus_spec` (in Nightly builds, run with -Z macro-backtrace for more info)

warning: #[verus_spec] is likely used inside a verus! block.
                     Consider move it out of verus! or remove #[verus_spec].
    --> types.rs:1858:5
     |
1858 |     #[verus_verify]
     |     ^^^^^^^^^^^^^^^
     |
     = note: this warning originates in the attribute macro `verus_spec` (in Nightly builds, run with -Z macro-backtrace for more info)

warning: #[verus_spec] is likely used inside a verus! block.
                     Consider move it out of verus! or remove #[verus_spec].
    --> types.rs:1871:5
     |
1871 |     #[verus_verify]
     |     ^^^^^^^^^^^^^^^
     |
     = note: this warning originates in the attribute macro `verus_spec` (in Nightly builds, run with -Z macro-backtrace for more info)

warning: #[verus_spec] is likely used inside a verus! block.
                     Consider move it out of verus! or remove #[verus_spec].
    --> types.rs:1884:5
     |
1884 |     #[verus_verify]
     |     ^^^^^^^^^^^^^^^
     |
     = note: this warning originates in the attribute macro `verus_spec` (in Nightly builds, run with -Z macro-backtrace for more info)

warning: #[verus_spec] is likely used inside a verus! block.
                     Consider move it out of verus! or remove #[verus_spec].
    --> types.rs:1897:5
     |
1897 |     #[verus_verify]
     |     ^^^^^^^^^^^^^^^
     |
     = note: this warning originates in the attribute macro `verus_spec` (in Nightly builds, run with -Z macro-backtrace for more info)

warning: #[verus_spec] is likely used inside a verus! block.
                     Consider move it out of verus! or remove #[verus_spec].
    --> types.rs:1923:5
     |
1923 |     #[verus_verify]
     |     ^^^^^^^^^^^^^^^
     |
     = note: this warning originates in the attribute macro `verus_spec` (in Nightly builds, run with -Z macro-backtrace for more info)

warning: #[verus_spec] is likely used inside a verus! block.
                     Consider move it out of verus! or remove #[verus_spec].
    --> types.rs:1936:5
     |
1936 |     #[verus_verify]
     |     ^^^^^^^^^^^^^^^
     |
     = note: this warning originates in the attribute macro `verus_spec` (in Nightly builds, run with -Z macro-backtrace for more info)

warning: #[verus_spec] is likely used inside a verus! block.
                     Consider move it out of verus! or remove #[verus_spec].
    --> types.rs:2003:5
     |
2003 |     #[verus_verify]
     |     ^^^^^^^^^^^^^^^
     |
     = note: this warning originates in the attribute macro `verus_spec` (in Nightly builds, run with -Z macro-backtrace for more info)

warning: #[verus_spec] is likely used inside a verus! block.
                     Consider move it out of verus! or remove #[verus_spec].
    --> types.rs:2014:5
     |
2014 |     #[verus_verify]
     |     ^^^^^^^^^^^^^^^
     |
     = note: this warning originates in the attribute macro `verus_spec` (in Nightly builds, run with -Z macro-backtrace for more info)

warning: #[verus_spec] is likely used inside a verus! block.
                     Consider move it out of verus! or remove #[verus_spec].
    --> types.rs:2022:5
     |
2022 |     #[verus_verify]
     |     ^^^^^^^^^^^^^^^
     |
     = note: this warning originates in the attribute macro `verus_spec` (in Nightly builds, run with -Z macro-backtrace for more info)

warning: #[verus_spec] is likely used inside a verus! block.
                     Consider move it out of verus! or remove #[verus_spec].
    --> types.rs:2087:5
     |
2087 |     #[verus_verify]
     |     ^^^^^^^^^^^^^^^
     |
     = note: this warning originates in the attribute macro `verus_spec` (in Nightly builds, run with -Z macro-backtrace for more info)

warning: #[verus_spec] is likely used inside a verus! block.
                     Consider move it out of verus! or remove #[verus_spec].
    --> types.rs:2133:5
     |
2133 |     #[verus_verify]
     |     ^^^^^^^^^^^^^^^
     |
     = note: this warning originates in the attribute macro `verus_spec` (in Nightly builds, run with -Z macro-backtrace for more info)

warning: #[verus_spec] is likely used inside a verus! block.
                     Consider move it out of verus! or remove #[verus_spec].
    --> types.rs:2253:5
     |
2253 |     #[verus_verify]
     |     ^^^^^^^^^^^^^^^
     |
     = note: this warning originates in the attribute macro `verus_spec` (in Nightly builds, run with -Z macro-backtrace for more info)

warning: #[verus_spec] is likely used inside a verus! block.
                     Consider move it out of verus! or remove #[verus_spec].
    --> types.rs:2295:5
     |
2295 |     #[verus_verify]
     |     ^^^^^^^^^^^^^^^
     |
     = note: this warning originates in the attribute macro `verus_spec` (in Nightly builds, run with -Z macro-backtrace for more info)

warning: #[verus_spec] is likely used inside a verus! block.
                     Consider move it out of verus! or remove #[verus_spec].
    --> types.rs:2334:5
     |
2334 |     #[verus_verify]
     |     ^^^^^^^^^^^^^^^
     |
     = note: this warning originates in the attribute macro `verus_spec` (in Nightly builds, run with -Z macro-backtrace for more info)

warning: #[verus_spec] is likely used inside a verus! block.
                     Consider move it out of verus! or remove #[verus_spec].
    --> types.rs:2373:5
     |
2373 |     #[verus_verify]
     |     ^^^^^^^^^^^^^^^
     |
     = note: this warning originates in the attribute macro `verus_spec` (in Nightly builds, run with -Z macro-backtrace for more info)

warning: #[verus_spec] is likely used inside a verus! block.
                     Consider move it out of verus! or remove #[verus_spec].
    --> types.rs:2503:5
     |
2503 |     #[verus_verify]
     |     ^^^^^^^^^^^^^^^
     |
     = note: this warning originates in the attribute macro `verus_spec` (in Nightly builds, run with -Z macro-backtrace for more info)

warning: #[verus_spec] is likely used inside a verus! block.
                     Consider move it out of verus! or remove #[verus_spec].
    --> types.rs:2623:5
     |
2623 |     #[verus_verify]
     |     ^^^^^^^^^^^^^^^
     |
     = note: this warning originates in the attribute macro `verus_spec` (in Nightly builds, run with -Z macro-backtrace for more info)

warning: #[verus_spec] is likely used inside a verus! block.
                     Consider move it out of verus! or remove #[verus_spec].
    --> types.rs:2643:5
     |
2643 |     #[verus_verify]
     |     ^^^^^^^^^^^^^^^
     |
     = note: this warning originates in the attribute macro `verus_spec` (in Nightly builds, run with -Z macro-backtrace for more info)

warning: #[verus_spec] is likely used inside a verus! block.
                     Consider move it out of verus! or remove #[verus_spec].
    --> types.rs:2706:5
     |
2706 |     #[verus_verify]
     |     ^^^^^^^^^^^^^^^
     |
     = note: this warning originates in the attribute macro `verus_spec` (in Nightly builds, run with -Z macro-backtrace for more info)

warning: #[verus_spec] is likely used inside a verus! block.
                     Consider move it out of verus! or remove #[verus_spec].
    --> types.rs:2788:5
     |
2788 |     #[verus_verify]
     |     ^^^^^^^^^^^^^^^
     |
     = note: this warning originates in the attribute macro `verus_spec` (in Nightly builds, run with -Z macro-backtrace for more info)

warning: #[verus_spec] is likely used inside a verus! block.
                     Consider move it out of verus! or remove #[verus_spec].
    --> types.rs:2960:5
     |
2960 |     #[verus_verify]
     |     ^^^^^^^^^^^^^^^
     |
     = note: this warning originates in the attribute macro `verus_spec` (in Nightly builds, run with -Z macro-backtrace for more info)

warning: #[verus_spec] is likely used inside a verus! block.
                     Consider move it out of verus! or remove #[verus_spec].
    --> types.rs:2976:5
     |
2976 |     #[verus_verify]
     |     ^^^^^^^^^^^^^^^
     |
     = note: this warning originates in the attribute macro `verus_spec` (in Nightly builds, run with -Z macro-backtrace for more info)

warning: use of deprecated method `vstd::prelude::OptionAdditionalFns::is_None`: is_Variant is deprecated - use `->` or `matches` instead: https://verus-lang.github.io/verus/guide/datatypes_enum.html
   --> linked_list.rs:527:51
    |
527 |                         assert(self.data@.heap_id.is_None() || self.perms@[i].2.value().heap_id == self.data@.heap_id);
    |                                                   ^^^^^^^
    |
    = note: `#[warn(deprecated)]` on by default

warning: use of deprecated method `vstd::prelude::OptionAdditionalFns::is_None`: is_Variant is deprecated - use `->` or `matches` instead: https://verus-lang.github.io/verus/guide/datatypes_enum.html
   --> linked_list.rs:820:46
    |
820 |                     assert(out.data@.heap_id.is_None() || out.perms@[i].2.value().heap_id == out.data@.heap_id);
    |                                              ^^^^^^^

warning: use of deprecated method `vstd::prelude::ResultAdditionalSpecFns::is_Ok`: is_Variant is deprecated - use `->` or `matches` instead: https://verus-lang.github.io/verus/guide/datatypes_enum.html
   --> free.rs:751:39
    |
751 |             let ghost ok = cas_result.is_Ok();
    |                                       ^^^^^

warning: use of deprecated method `vstd::prelude::OptionAdditionalFns::is_None`: is_Variant is deprecated - use `->` or `matches` instead: https://verus-lang.github.io/verus/guide/datatypes_enum.html
    --> segment.rs:1779:51
     |
1779 |                     if page_data.page_header_kind.is_None() {
     |                                                   ^^^^^^^

warning: using ==> in `assert forall` does not currently assume the antecedent in the body; consider using `implies` instead of `==>`
   --> segment.rs:805:9
    |
805 |         assert forall |pid: PageId| #[trigger] local.pages.dom().contains(pid) implies
    |         ^^^^^^
    |
    = help: If you didn't mean to assume the antecedent, we're very curious to hear why! To tell us, please open an issue on the Verus issue tracker on github with the title `Don't always make assert forall assume the antecedent`. If no one opens such an issue, we'll soon change the behavior of Verus to always assume the antecedent of the outermost implication

warning: using ==> in `assert forall` does not currently assume the antecedent in the body; consider using `implies` instead of `==>`
   --> segment.rs:809:9
    |
809 |         assert forall |pid: PageId| #[trigger] local.pages.dom().contains(pid) implies
    |         ^^^^^^
    |
    = help: If you didn't mean to assume the antecedent, we're very curious to hear why! To tell us, please open an issue on the Verus issue tracker on github with the title `Don't always make assert forall assume the antecedent`. If no one opens such an issue, we'll soon change the behavior of Verus to always assume the antecedent of the outermost implication

warning: using ==> in `assert forall` does not currently assume the antecedent in the body; consider using `implies` instead of `==>`
   --> segment.rs:832:9
    |
832 |         assert forall |pid: PageId| #[trigger] local.page_organization.pages.dom().contains(pid) implies
    |         ^^^^^^
    |
    = help: If you didn't mean to assume the antecedent, we're very curious to hear why! To tell us, please open an issue on the Verus issue tracker on github with the title `Don't always make assert forall assume the antecedent`. If no one opens such an issue, we'll soon change the behavior of Verus to always assume the antecedent of the outermost implication

warning: using ==> in `assert forall` does not currently assume the antecedent in the body; consider using `implies` instead of `==>`
   --> segment.rs:834:9
    |
834 |         assert forall |pid: PageId| #[trigger] local.page_organization.pages.dom().contains(pid) implies
    |         ^^^^^^
    |
    = help: If you didn't mean to assume the antecedent, we're very curious to hear why! To tell us, please open an issue on the Verus issue tracker on github with the title `Don't always make assert forall assume the antecedent`. If no one opens such an issue, we'll soon change the behavior of Verus to always assume the antecedent of the outermost implication

warning: using ==> in `assert forall` does not currently assume the antecedent in the body; consider using `implies` instead of `==>`
   --> segment.rs:836:9
    |
836 |         assert forall |pid: PageId| #[trigger] local.page_organization.pages.dom().contains(pid) implies
    |         ^^^^^^
    |
    = help: If you didn't mean to assume the antecedent, we're very curious to hear why! To tell us, please open an issue on the Verus issue tracker on github with the title `Don't always make assert forall assume the antecedent`. If no one opens such an issue, we'll soon change the behavior of Verus to always assume the antecedent of the outermost implication

warning: using ==> in `assert forall` does not currently assume the antecedent in the body; consider using `implies` instead of `==>`
    --> segment.rs:1119:9
     |
1119 |         assert forall |pid: PageId| #[trigger] local.pages.dom().contains(pid) implies
     |         ^^^^^^
     |
     = help: If you didn't mean to assume the antecedent, we're very curious to hear why! To tell us, please open an issue on the Verus issue tracker on github with the title `Don't always make assert forall assume the antecedent`. If no one opens such an issue, we'll soon change the behavior of Verus to always assume the antecedent of the outermost implication

warning: using ==> in `assert forall` does not currently assume the antecedent in the body; consider using `implies` instead of `==>`
    --> segment.rs:1123:9
     |
1123 |         assert forall |pid: PageId| #[trigger] local.pages.dom().contains(pid) implies
     |         ^^^^^^
     |
     = help: If you didn't mean to assume the antecedent, we're very curious to hear why! To tell us, please open an issue on the Verus issue tracker on github with the title `Don't always make assert forall assume the antecedent`. If no one opens such an issue, we'll soon change the behavior of Verus to always assume the antecedent of the outermost implication

warning: using ==> in `assert forall` does not currently assume the antecedent in the body; consider using `implies` instead of `==>`
    --> segment.rs:1146:9
     |
1146 |         assert forall |pid: PageId| #[trigger] local.page_organization.pages.dom().contains(pid) implies
     |         ^^^^^^
     |
     = help: If you didn't mean to assume the antecedent, we're very curious to hear why! To tell us, please open an issue on the Verus issue tracker on github with the title `Don't always make assert forall assume the antecedent`. If no one opens such an issue, we'll soon change the behavior of Verus to always assume the antecedent of the outermost implication

warning: using ==> in `assert forall` does not currently assume the antecedent in the body; consider using `implies` instead of `==>`
    --> segment.rs:1148:9
     |
1148 |         assert forall |pid: PageId| #[trigger] local.page_organization.pages.dom().contains(pid) implies
     |         ^^^^^^
     |
     = help: If you didn't mean to assume the antecedent, we're very curious to hear why! To tell us, please open an issue on the Verus issue tracker on github with the title `Don't always make assert forall assume the antecedent`. If no one opens such an issue, we'll soon change the behavior of Verus to always assume the antecedent of the outermost implication

warning: using ==> in `assert forall` does not currently assume the antecedent in the body; consider using `implies` instead of `==>`
    --> segment.rs:1150:9
     |
1150 |         assert forall |pid: PageId| #[trigger] local.page_organization.pages.dom().contains(pid) implies
     |         ^^^^^^
     |
     = help: If you didn't mean to assume the antecedent, we're very curious to hear why! To tell us, please open an issue on the Verus issue tracker on github with the title `Don't always make assert forall assume the antecedent`. If no one opens such an issue, we'll soon change the behavior of Verus to always assume the antecedent of the outermost implication

warning: using ==> in `assert forall` does not currently assume the antecedent in the body; consider using `implies` instead of `==>`
    --> segment.rs:1606:9
     |
1606 |         assert forall |pid: PageId| #[trigger] local.page_organization.pages.dom().contains(pid) implies
     |         ^^^^^^
     |
     = help: If you didn't mean to assume the antecedent, we're very curious to hear why! To tell us, please open an issue on the Verus issue tracker on github with the title `Don't always make assert forall assume the antecedent`. If no one opens such an issue, we'll soon change the behavior of Verus to always assume the antecedent of the outermost implication

warning: using ==> in `assert forall` does not currently assume the antecedent in the body; consider using `implies` instead of `==>`
    --> segment.rs:1617:9
     |
1617 |         assert forall |pid: PageId| #[trigger] local.page_organization.pages.dom().contains(pid) implies
     |         ^^^^^^
     |
     = help: If you didn't mean to assume the antecedent, we're very curious to hear why! To tell us, please open an issue on the Verus issue tracker on github with the title `Don't always make assert forall assume the antecedent`. If no one opens such an issue, we'll soon change the behavior of Verus to always assume the antecedent of the outermost implication

warning: using ==> in `assert forall` does not currently assume the antecedent in the body; consider using `implies` instead of `==>`
    --> segment.rs:1628:9
     |
1628 |         assert forall |pid: PageId| #[trigger] local.page_organization.pages.dom().contains(pid) implies
     |         ^^^^^^
     |
     = help: If you didn't mean to assume the antecedent, we're very curious to hear why! To tell us, please open an issue on the Verus issue tracker on github with the title `Don't always make assert forall assume the antecedent`. If no one opens such an issue, we'll soon change the behavior of Verus to always assume the antecedent of the outermost implication

warning: using ==> in `assert forall` does not currently assume the antecedent in the body; consider using `implies` instead of `==>`
    --> segment.rs:1650:9
     |
1650 |         assert forall |pid: PageId| #[trigger] local.page_organization.pages.dom().contains(pid) implies
     |         ^^^^^^
     |
     = help: If you didn't mean to assume the antecedent, we're very curious to hear why! To tell us, please open an issue on the Verus issue tracker on github with the title `Don't always make assert forall assume the antecedent`. If no one opens such an issue, we'll soon change the behavior of Verus to always assume the antecedent of the outermost implication

warning: using ==> in `assert forall` does not currently assume the antecedent in the body; consider using `implies` instead of `==>`
    --> segment.rs:1656:9
     |
1656 |         assert forall |pid: PageId| #[trigger] local.page_organization.pages.dom().contains(pid) implies
     |         ^^^^^^
     |
     = help: If you didn't mean to assume the antecedent, we're very curious to hear why! To tell us, please open an issue on the Verus issue tracker on github with the title `Don't always make assert forall assume the antecedent`. If no one opens such an issue, we'll soon change the behavior of Verus to always assume the antecedent of the outermost implication

warning: using ==> in `assert forall` does not currently assume the antecedent in the body; consider using `implies` instead of `==>`
    --> segment.rs:1662:9
     |
1662 |         assert forall |pid: PageId| #[trigger] local.page_organization.pages.dom().contains(pid) implies
     |         ^^^^^^
     |
     = help: If you didn't mean to assume the antecedent, we're very curious to hear why! To tell us, please open an issue on the Verus issue tracker on github with the title `Don't always make assert forall assume the antecedent`. If no one opens such an issue, we'll soon change the behavior of Verus to always assume the antecedent of the outermost implication

warning: using ==> in `assert forall` does not currently assume the antecedent in the body; consider using `implies` instead of `==>`
    --> segment.rs:1684:9
     |
1684 |         assert forall |pid: PageId| #[trigger] local.page_organization.pages.dom().contains(pid) implies
     |         ^^^^^^
     |
     = help: If you didn't mean to assume the antecedent, we're very curious to hear why! To tell us, please open an issue on the Verus issue tracker on github with the title `Don't always make assert forall assume the antecedent`. If no one opens such an issue, we'll soon change the behavior of Verus to always assume the antecedent of the outermost implication

warning: using ==> in `assert forall` does not currently assume the antecedent in the body; consider using `implies` instead of `==>`
    --> segment.rs:1686:9
     |
1686 |         assert forall |pid: PageId| #[trigger] local.page_organization.pages.dom().contains(pid) implies
     |         ^^^^^^
     |
     = help: If you didn't mean to assume the antecedent, we're very curious to hear why! To tell us, please open an issue on the Verus issue tracker on github with the title `Don't always make assert forall assume the antecedent`. If no one opens such an issue, we'll soon change the behavior of Verus to always assume the antecedent of the outermost implication

warning: using ==> in `assert forall` does not currently assume the antecedent in the body; consider using `implies` instead of `==>`
    --> segment.rs:1688:9
     |
1688 |         assert forall |pid: PageId| #[trigger] local.page_organization.pages.dom().contains(pid) implies
     |         ^^^^^^
     |
     = help: If you didn't mean to assume the antecedent, we're very curious to hear why! To tell us, please open an issue on the Verus issue tracker on github with the title `Don't always make assert forall assume the antecedent`. If no one opens such an issue, we'll soon change the behavior of Verus to always assume the antecedent of the outermost implication

warning: using ==> in `assert forall` does not currently assume the antecedent in the body; consider using `implies` instead of `==>`
    --> segment.rs:1709:13
     |
1709 |             assert forall |pid: PageId| #[trigger] local_start.page_organization.pages.dom().contains(pid) implies
     |             ^^^^^^
     |
     = help: If you didn't mean to assume the antecedent, we're very curious to hear why! To tell us, please open an issue on the Verus issue tracker on github with the title `Don't always make assert forall assume the antecedent`. If no one opens such an issue, we'll soon change the behavior of Verus to always assume the antecedent of the outermost implication

warning: using ==> in `assert forall` does not currently assume the antecedent in the body; consider using `implies` instead of `==>`
    --> segment.rs:1715:13
     |
1715 |             assert forall |pid: PageId| #[trigger] local_start.page_organization.pages.dom().contains(pid) implies
     |             ^^^^^^
     |
     = help: If you didn't mean to assume the antecedent, we're very curious to hear why! To tell us, please open an issue on the Verus issue tracker on github with the title `Don't always make assert forall assume the antecedent`. If no one opens such an issue, we'll soon change the behavior of Verus to always assume the antecedent of the outermost implication

warning: using ==> in `assert forall` does not currently assume the antecedent in the body; consider using `implies` instead of `==>`
    --> segment.rs:1721:13
     |
1721 |             assert forall |pid: PageId| #[trigger] local_start.page_organization.pages.dom().contains(pid) implies
     |             ^^^^^^
     |
     = help: If you didn't mean to assume the antecedent, we're very curious to hear why! To tell us, please open an issue on the Verus issue tracker on github with the title `Don't always make assert forall assume the antecedent`. If no one opens such an issue, we'll soon change the behavior of Verus to always assume the antecedent of the outermost implication

warning: using ==> in `assert forall` does not currently assume the antecedent in the body; consider using `implies` instead of `==>`
    --> segment.rs:2445:17
     |
2445 |                 assert forall |pid: PageId| #[trigger] local_snap1.page_organization.pages.dom().contains(pid) implies
     |                 ^^^^^^
     |
     = help: If you didn't mean to assume the antecedent, we're very curious to hear why! To tell us, please open an issue on the Verus issue tracker on github with the title `Don't always make assert forall assume the antecedent`. If no one opens such an issue, we'll soon change the behavior of Verus to always assume the antecedent of the outermost implication

warning: using ==> in `assert forall` does not currently assume the antecedent in the body; consider using `implies` instead of `==>`
    --> segment.rs:2450:17
     |
2450 |                 assert forall |pid: PageId| #[trigger] local_snap1.page_organization.pages.dom().contains(pid) implies
     |                 ^^^^^^
     |
     = help: If you didn't mean to assume the antecedent, we're very curious to hear why! To tell us, please open an issue on the Verus issue tracker on github with the title `Don't always make assert forall assume the antecedent`. If no one opens such an issue, we'll soon change the behavior of Verus to always assume the antecedent of the outermost implication

warning: using ==> in `assert forall` does not currently assume the antecedent in the body; consider using `implies` instead of `==>`
    --> segment.rs:2455:17
     |
2455 |                 assert forall |pid: PageId| #[trigger] local_snap1.page_organization.pages.dom().contains(pid) implies
     |                 ^^^^^^
     |
     = help: If you didn't mean to assume the antecedent, we're very curious to hear why! To tell us, please open an issue on the Verus issue tracker on github with the title `Don't always make assert forall assume the antecedent`. If no one opens such an issue, we'll soon change the behavior of Verus to always assume the antecedent of the outermost implication

warning: using ==> in `assert forall` does not currently assume the antecedent in the body; consider using `implies` instead of `==>`
    --> segment.rs:2640:13
     |
2640 |             assert forall |pid: PageId| #[trigger] local.page_organization.pages.dom().contains(pid) implies
     |             ^^^^^^
     |
     = help: If you didn't mean to assume the antecedent, we're very curious to hear why! To tell us, please open an issue on the Verus issue tracker on github with the title `Don't always make assert forall assume the antecedent`. If no one opens such an issue, we'll soon change the behavior of Verus to always assume the antecedent of the outermost implication

warning: using ==> in `assert forall` does not currently assume the antecedent in the body; consider using `implies` instead of `==>`
    --> segment.rs:2644:13
     |
2644 |             assert forall |pid: PageId| #[trigger] local.page_organization.pages.dom().contains(pid) implies
     |             ^^^^^^
     |
     = help: If you didn't mean to assume the antecedent, we're very curious to hear why! To tell us, please open an issue on the Verus issue tracker on github with the title `Don't always make assert forall assume the antecedent`. If no one opens such an issue, we'll soon change the behavior of Verus to always assume the antecedent of the outermost implication

warning: using ==> in `assert forall` does not currently assume the antecedent in the body; consider using `implies` instead of `==>`
    --> segment.rs:2648:13
     |
2648 |             assert forall |pid: PageId| #[trigger] local.page_organization.pages.dom().contains(pid) implies
     |             ^^^^^^
     |
     = help: If you didn't mean to assume the antecedent, we're very curious to hear why! To tell us, please open an issue on the Verus issue tracker on github with the title `Don't always make assert forall assume the antecedent`. If no one opens such an issue, we'll soon change the behavior of Verus to always assume the antecedent of the outermost implication

warning: using ==> in `assert forall` does not currently assume the antecedent in the body; consider using `implies` instead of `==>`
    --> segment.rs:3270:13
     |
3270 |             assert forall |pid: PageId| #[trigger] local.page_organization.pages.dom().contains(pid) implies
     |             ^^^^^^
     |
     = help: If you didn't mean to assume the antecedent, we're very curious to hear why! To tell us, please open an issue on the Verus issue tracker on github with the title `Don't always make assert forall assume the antecedent`. If no one opens such an issue, we'll soon change the behavior of Verus to always assume the antecedent of the outermost implication

warning: using ==> in `assert forall` does not currently assume the antecedent in the body; consider using `implies` instead of `==>`
    --> segment.rs:3280:13
     |
3280 |             assert forall |pid: PageId| #[trigger] local.page_organization.pages.dom().contains(pid) implies
     |             ^^^^^^
     |
     = help: If you didn't mean to assume the antecedent, we're very curious to hear why! To tell us, please open an issue on the Verus issue tracker on github with the title `Don't always make assert forall assume the antecedent`. If no one opens such an issue, we'll soon change the behavior of Verus to always assume the antecedent of the outermost implication

warning: using ==> in `assert forall` does not currently assume the antecedent in the body; consider using `implies` instead of `==>`
    --> segment.rs:3284:13
     |
3284 |             assert forall |pid: PageId| #[trigger] local.page_organization.pages.dom().contains(pid) implies
     |             ^^^^^^
     |
     = help: If you didn't mean to assume the antecedent, we're very curious to hear why! To tell us, please open an issue on the Verus issue tracker on github with the title `Don't always make assert forall assume the antecedent`. If no one opens such an issue, we'll soon change the behavior of Verus to always assume the antecedent of the outermost implication

warning: using ==> in `assert forall` does not currently assume the antecedent in the body; consider using `implies` instead of `==>`
    --> segment.rs:3310:13
     |
3310 |             assert forall |pid: PageId| #[trigger] local.page_organization.pages.dom().contains(pid) implies
     |             ^^^^^^
     |
     = help: If you didn't mean to assume the antecedent, we're very curious to hear why! To tell us, please open an issue on the Verus issue tracker on github with the title `Don't always make assert forall assume the antecedent`. If no one opens such an issue, we'll soon change the behavior of Verus to always assume the antecedent of the outermost implication

warning: using ==> in `assert forall` does not currently assume the antecedent in the body; consider using `implies` instead of `==>`
    --> segment.rs:3320:13
     |
3320 |             assert forall |pid: PageId| #[trigger] local.page_organization.pages.dom().contains(pid) implies
     |             ^^^^^^
     |
     = help: If you didn't mean to assume the antecedent, we're very curious to hear why! To tell us, please open an issue on the Verus issue tracker on github with the title `Don't always make assert forall assume the antecedent`. If no one opens such an issue, we'll soon change the behavior of Verus to always assume the antecedent of the outermost implication

warning: using ==> in `assert forall` does not currently assume the antecedent in the body; consider using `implies` instead of `==>`
    --> segment.rs:3324:13
     |
3324 |             assert forall |pid: PageId| #[trigger] local.page_organization.pages.dom().contains(pid) implies
     |             ^^^^^^
     |
     = help: If you didn't mean to assume the antecedent, we're very curious to hear why! To tell us, please open an issue on the Verus issue tracker on github with the title `Don't always make assert forall assume the antecedent`. If no one opens such an issue, we'll soon change the behavior of Verus to always assume the antecedent of the outermost implication

warning: using ==> in `assert forall` does not currently assume the antecedent in the body; consider using `implies` instead of `==>`
    --> segment.rs:3409:9
     |
3409 |         assert forall |pid: PageId| #[trigger] local.pages.dom().contains(pid) implies
     |         ^^^^^^
     |
     = help: If you didn't mean to assume the antecedent, we're very curious to hear why! To tell us, please open an issue on the Verus issue tracker on github with the title `Don't always make assert forall assume the antecedent`. If no one opens such an issue, we'll soon change the behavior of Verus to always assume the antecedent of the outermost implication

warning: using ==> in `assert forall` does not currently assume the antecedent in the body; consider using `implies` instead of `==>`
    --> segment.rs:3413:9
     |
3413 |         assert forall |pid: PageId| #[trigger] local.pages.dom().contains(pid) implies
     |         ^^^^^^
     |
     = help: If you didn't mean to assume the antecedent, we're very curious to hear why! To tell us, please open an issue on the Verus issue tracker on github with the title `Don't always make assert forall assume the antecedent`. If no one opens such an issue, we'll soon change the behavior of Verus to always assume the antecedent of the outermost implication

warning: using ==> in `assert forall` does not currently assume the antecedent in the body; consider using `implies` instead of `==>`
    --> segment.rs:3448:9
     |
3448 |         assert forall |pid: PageId| #[trigger] local.page_organization.pages.dom().contains(pid) implies
     |         ^^^^^^
     |
     = help: If you didn't mean to assume the antecedent, we're very curious to hear why! To tell us, please open an issue on the Verus issue tracker on github with the title `Don't always make assert forall assume the antecedent`. If no one opens such an issue, we'll soon change the behavior of Verus to always assume the antecedent of the outermost implication

warning: using ==> in `assert forall` does not currently assume the antecedent in the body; consider using `implies` instead of `==>`
    --> segment.rs:3459:9
     |
3459 |         assert forall |pid: PageId| #[trigger] local.page_organization.pages.dom().contains(pid) implies
     |         ^^^^^^
     |
     = help: If you didn't mean to assume the antecedent, we're very curious to hear why! To tell us, please open an issue on the Verus issue tracker on github with the title `Don't always make assert forall assume the antecedent`. If no one opens such an issue, we'll soon change the behavior of Verus to always assume the antecedent of the outermost implication

warning: using ==> in `assert forall` does not currently assume the antecedent in the body; consider using `implies` instead of `==>`
    --> segment.rs:3467:9
     |
3467 |         assert forall |pid: PageId| #[trigger] local.page_organization.pages.dom().contains(pid) implies
     |         ^^^^^^
     |
     = help: If you didn't mean to assume the antecedent, we're very curious to hear why! To tell us, please open an issue on the Verus issue tracker on github with the title `Don't always make assert forall assume the antecedent`. If no one opens such an issue, we'll soon change the behavior of Verus to always assume the antecedent of the outermost implication

warning: using ==> in `assert forall` does not currently assume the antecedent in the body; consider using `implies` instead of `==>`
    --> types.rs:4429:17
     |
4429 |                   assert forall |pid: PageId|
     |                   ^^^^^^
     |
    ::: segment.rs:3674:5
     |
3674 | /     unused_page_get_mut!(page, local, page => {
3675 | |         let Tracked(_delay_token) = page.xthread_free.disable();
3676 | |         let Tracked(_heap_of_page_token) = page.xheap.disable();
3677 | |
3678 | |     });
     | |______- in this macro invocation
     |
     = help: If you didn't mean to assume the antecedent, we're very curious to hear why! To tell us, please open an issue on the Verus issue tracker on github with the title `Don't always make assert forall assume the antecedent`. If no one opens such an issue, we'll soon change the behavior of Verus to always assume the antecedent of the outermost implication
     = note: this warning originates in the macro `$crate::types::unused_page_get_mut_internal` which comes from the expansion of the macro `unused_page_get_mut` (in Nightly builds, run with -Z macro-backtrace for more info)

warning: using ==> in `assert forall` does not currently assume the antecedent in the body; consider using `implies` instead of `==>`
    --> segment.rs:3722:9
     |
3722 |         assert forall |pid: PageId| #[trigger] local.pages.dom().contains(pid) implies
     |         ^^^^^^
     |
     = help: If you didn't mean to assume the antecedent, we're very curious to hear why! To tell us, please open an issue on the Verus issue tracker on github with the title `Don't always make assert forall assume the antecedent`. If no one opens such an issue, we'll soon change the behavior of Verus to always assume the antecedent of the outermost implication

warning: using ==> in `assert forall` does not currently assume the antecedent in the body; consider using `implies` instead of `==>`
    --> segment.rs:3731:9
     |
3731 |         assert forall |pid: PageId| #[trigger] local.pages.dom().contains(pid) implies
     |         ^^^^^^
     |
     = help: If you didn't mean to assume the antecedent, we're very curious to hear why! To tell us, please open an issue on the Verus issue tracker on github with the title `Don't always make assert forall assume the antecedent`. If no one opens such an issue, we'll soon change the behavior of Verus to always assume the antecedent of the outermost implication

warning: using ==> in `assert forall` does not currently assume the antecedent in the body; consider using `implies` instead of `==>`
    --> segment.rs:3894:9
     |
3894 |         assert forall |pid: PageId| #[trigger] local.pages.dom().contains(pid) implies
     |         ^^^^^^
     |
     = help: If you didn't mean to assume the antecedent, we're very curious to hear why! To tell us, please open an issue on the Verus issue tracker on github with the title `Don't always make assert forall assume the antecedent`. If no one opens such an issue, we'll soon change the behavior of Verus to always assume the antecedent of the outermost implication

warning: using ==> in `assert forall` does not currently assume the antecedent in the body; consider using `implies` instead of `==>`
    --> segment.rs:3898:9
     |
3898 |         assert forall |pid: PageId| #[trigger] local.pages.dom().contains(pid) implies
     |         ^^^^^^
     |
     = help: If you didn't mean to assume the antecedent, we're very curious to hear why! To tell us, please open an issue on the Verus issue tracker on github with the title `Don't always make assert forall assume the antecedent`. If no one opens such an issue, we'll soon change the behavior of Verus to always assume the antecedent of the outermost implication

warning: using ==> in `assert forall` does not currently assume the antecedent in the body; consider using `implies` instead of `==>`
    --> segment.rs:4118:13
     |
4118 |             assert forall |pid: PageId| #[trigger] local.pages.dom().contains(pid) implies
     |             ^^^^^^
     |
     = help: If you didn't mean to assume the antecedent, we're very curious to hear why! To tell us, please open an issue on the Verus issue tracker on github with the title `Don't always make assert forall assume the antecedent`. If no one opens such an issue, we'll soon change the behavior of Verus to always assume the antecedent of the outermost implication

warning: using ==> in `assert forall` does not currently assume the antecedent in the body; consider using `implies` instead of `==>`
    --> segment.rs:4122:13
     |
4122 |             assert forall |pid: PageId| #[trigger] local.pages.dom().contains(pid) implies
     |             ^^^^^^
     |
     = help: If you didn't mean to assume the antecedent, we're very curious to hear why! To tell us, please open an issue on the Verus issue tracker on github with the title `Don't always make assert forall assume the antecedent`. If no one opens such an issue, we'll soon change the behavior of Verus to always assume the antecedent of the outermost implication

warning: using ==> in `assert forall` does not currently assume the antecedent in the body; consider using `implies` instead of `==>`
    --> segment.rs:4159:13
     |
4159 |             assert forall |pid: PageId| #[trigger] local.page_organization.pages.dom().contains(pid) implies
     |             ^^^^^^
     |
     = help: If you didn't mean to assume the antecedent, we're very curious to hear why! To tell us, please open an issue on the Verus issue tracker on github with the title `Don't always make assert forall assume the antecedent`. If no one opens such an issue, we'll soon change the behavior of Verus to always assume the antecedent of the outermost implication

warning: using ==> in `assert forall` does not currently assume the antecedent in the body; consider using `implies` instead of `==>`
    --> segment.rs:4173:13
     |
4173 |             assert forall |pid: PageId| #[trigger] local.page_organization.pages.dom().contains(pid) implies
     |             ^^^^^^
     |
     = help: If you didn't mean to assume the antecedent, we're very curious to hear why! To tell us, please open an issue on the Verus issue tracker on github with the title `Don't always make assert forall assume the antecedent`. If no one opens such an issue, we'll soon change the behavior of Verus to always assume the antecedent of the outermost implication

warning: using ==> in `assert forall` does not currently assume the antecedent in the body; consider using `implies` instead of `==>`
    --> segment.rs:4187:13
     |
4187 |             assert forall |pid: PageId| #[trigger] local.page_organization.pages.dom().contains(pid) implies
     |             ^^^^^^
     |
     = help: If you didn't mean to assume the antecedent, we're very curious to hear why! To tell us, please open an issue on the Verus issue tracker on github with the title `Don't always make assert forall assume the antecedent`. If no one opens such an issue, we'll soon change the behavior of Verus to always assume the antecedent of the outermost implication

warning: using ==> in `assert forall` does not currently assume the antecedent in the body; consider using `implies` instead of `==>`
    --> segment.rs:4620:17
     |
4620 |                 assert forall |pid: PageId| #[trigger] local.pages.dom().contains(pid) implies
     |                 ^^^^^^
     |
     = help: If you didn't mean to assume the antecedent, we're very curious to hear why! To tell us, please open an issue on the Verus issue tracker on github with the title `Don't always make assert forall assume the antecedent`. If no one opens such an issue, we'll soon change the behavior of Verus to always assume the antecedent of the outermost implication

warning: using ==> in `assert forall` does not currently assume the antecedent in the body; consider using `implies` instead of `==>`
    --> segment.rs:4624:17
     |
4624 |                 assert forall |pid: PageId| #[trigger] local.pages.dom().contains(pid) implies
     |                 ^^^^^^
     |
     = help: If you didn't mean to assume the antecedent, we're very curious to hear why! To tell us, please open an issue on the Verus issue tracker on github with the title `Don't always make assert forall assume the antecedent`. If no one opens such an issue, we'll soon change the behavior of Verus to always assume the antecedent of the outermost implication

warning: using ==> in `assert forall` does not currently assume the antecedent in the body; consider using `implies` instead of `==>`
    --> segment.rs:4662:17
     |
4662 |                 assert forall |pid: PageId| #[trigger] local.page_organization.pages.dom().contains(pid) implies
     |                 ^^^^^^
     |
     = help: If you didn't mean to assume the antecedent, we're very curious to hear why! To tell us, please open an issue on the Verus issue tracker on github with the title `Don't always make assert forall assume the antecedent`. If no one opens such an issue, we'll soon change the behavior of Verus to always assume the antecedent of the outermost implication

warning: using ==> in `assert forall` does not currently assume the antecedent in the body; consider using `implies` instead of `==>`
    --> segment.rs:4678:17
     |
4678 |                 assert forall |pid: PageId| #[trigger] local.page_organization.pages.dom().contains(pid) implies
     |                 ^^^^^^
     |
     = help: If you didn't mean to assume the antecedent, we're very curious to hear why! To tell us, please open an issue on the Verus issue tracker on github with the title `Don't always make assert forall assume the antecedent`. If no one opens such an issue, we'll soon change the behavior of Verus to always assume the antecedent of the outermost implication

warning: using ==> in `assert forall` does not currently assume the antecedent in the body; consider using `implies` instead of `==>`
    --> segment.rs:4686:17
     |
4686 |                 assert forall |pid: PageId| #[trigger] local.page_organization.pages.dom().contains(pid) implies
     |                 ^^^^^^
     |
     = help: If you didn't mean to assume the antecedent, we're very curious to hear why! To tell us, please open an issue on the Verus issue tracker on github with the title `Don't always make assert forall assume the antecedent`. If no one opens such an issue, we'll soon change the behavior of Verus to always assume the antecedent of the outermost implication

warning: using ==> in `assert forall` does not currently assume the antecedent in the body; consider using `implies` instead of `==>`
    --> commit_segment.rs:1555:13
     |
1555 |             assert forall |page_id: PageId| #[trigger] local.pages.dom().contains(page_id) implies
     |             ^^^^^^
     |
     = help: If you didn't mean to assume the antecedent, we're very curious to hear why! To tell us, please open an issue on the Verus issue tracker on github with the title `Don't always make assert forall assume the antecedent`. If no one opens such an issue, we'll soon change the behavior of Verus to always assume the antecedent of the outermost implication

warning: using ==> in `assert forall` does not currently assume the antecedent in the body; consider using `implies` instead of `==>`
    --> commit_segment.rs:1563:13
     |
1563 |             assert forall |page_id: PageId| #[trigger] local.pages.dom().contains(page_id) implies
     |             ^^^^^^
     |
     = help: If you didn't mean to assume the antecedent, we're very curious to hear why! To tell us, please open an issue on the Verus issue tracker on github with the title `Don't always make assert forall assume the antecedent`. If no one opens such an issue, we'll soon change the behavior of Verus to always assume the antecedent of the outermost implication

warning: using ==> in `assert forall` does not currently assume the antecedent in the body; consider using `implies` instead of `==>`
    --> commit_segment.rs:1594:13
     |
1594 |             assert forall |page_id: PageId| #[trigger] local.page_organization.pages.dom().contains(page_id) implies
     |             ^^^^^^
     |
     = help: If you didn't mean to assume the antecedent, we're very curious to hear why! To tell us, please open an issue on the Verus issue tracker on github with the title `Don't always make assert forall assume the antecedent`. If no one opens such an issue, we'll soon change the behavior of Verus to always assume the antecedent of the outermost implication

warning: using ==> in `assert forall` does not currently assume the antecedent in the body; consider using `implies` instead of `==>`
    --> commit_segment.rs:1622:21
     |
1622 |                     assert forall |pid: PageId| #[trigger] local.page_organization.pages.dom().contains(pid) ==>
     |                     ^^^^^^
     |
     = help: If you didn't mean to assume the antecedent, we're very curious to hear why! To tell us, please open an issue on the Verus issue tracker on github with the title `Don't always make assert forall assume the antecedent`. If no one opens such an issue, we'll soon change the behavior of Verus to always assume the antecedent of the outermost implication

warning: using ==> in `assert forall` does not currently assume the antecedent in the body; consider using `implies` instead of `==>`
    --> commit_segment.rs:1626:21
     |
1626 |                     assert forall |pid: PageId| #[trigger] local.page_organization.pages.dom().contains(pid) ==>
     |                     ^^^^^^
     |
     = help: If you didn't mean to assume the antecedent, we're very curious to hear why! To tell us, please open an issue on the Verus issue tracker on github with the title `Don't always make assert forall assume the antecedent`. If no one opens such an issue, we'll soon change the behavior of Verus to always assume the antecedent of the outermost implication

warning: using ==> in `assert forall` does not currently assume the antecedent in the body; consider using `implies` instead of `==>`
    --> commit_segment.rs:1630:21
     |
1630 |                     assert forall |pid: PageId| #[trigger] local.page_organization.pages.dom().contains(pid) ==>
     |                     ^^^^^^
     |
     = help: If you didn't mean to assume the antecedent, we're very curious to hear why! To tell us, please open an issue on the Verus issue tracker on github with the title `Don't always make assert forall assume the antecedent`. If no one opens such an issue, we'll soon change the behavior of Verus to always assume the antecedent of the outermost implication

warning: using ==> in `assert forall` does not currently assume the antecedent in the body; consider using `implies` instead of `==>`
    --> commit_segment.rs:1634:21
     |
1634 |                     assert forall |pid: PageId| #[trigger] local.page_organization.pages.dom().contains(pid) ==>
     |                     ^^^^^^
     |
     = help: If you didn't mean to assume the antecedent, we're very curious to hear why! To tell us, please open an issue on the Verus issue tracker on github with the title `Don't always make assert forall assume the antecedent`. If no one opens such an issue, we'll soon change the behavior of Verus to always assume the antecedent of the outermost implication

warning: using ==> in `assert forall` does not currently assume the antecedent in the body; consider using `implies` instead of `==>`
    --> commit_segment.rs:1704:21
     |
1704 |                     assert forall |pid: PageId| #[trigger] local.page_organization.pages.dom().contains(pid) ==>
     |                     ^^^^^^
     |
     = help: If you didn't mean to assume the antecedent, we're very curious to hear why! To tell us, please open an issue on the Verus issue tracker on github with the title `Don't always make assert forall assume the antecedent`. If no one opens such an issue, we'll soon change the behavior of Verus to always assume the antecedent of the outermost implication

warning: using ==> in `assert forall` does not currently assume the antecedent in the body; consider using `implies` instead of `==>`
    --> commit_segment.rs:1706:21
     |
1706 |                     assert forall |pid: PageId| #[trigger] local.page_organization.pages.dom().contains(pid) ==>
     |                     ^^^^^^
     |
     = help: If you didn't mean to assume the antecedent, we're very curious to hear why! To tell us, please open an issue on the Verus issue tracker on github with the title `Don't always make assert forall assume the antecedent`. If no one opens such an issue, we'll soon change the behavior of Verus to always assume the antecedent of the outermost implication

warning: using ==> in `assert forall` does not currently assume the antecedent in the body; consider using `implies` instead of `==>`
    --> commit_segment.rs:1708:21
     |
1708 |                     assert forall |pid: PageId| #[trigger] local.page_organization.pages.dom().contains(pid) ==>
     |                     ^^^^^^
     |
     = help: If you didn't mean to assume the antecedent, we're very curious to hear why! To tell us, please open an issue on the Verus issue tracker on github with the title `Don't always make assert forall assume the antecedent`. If no one opens such an issue, we'll soon change the behavior of Verus to always assume the antecedent of the outermost implication

warning: using ==> in `assert forall` does not currently assume the antecedent in the body; consider using `implies` instead of `==>`
    --> commit_segment.rs:1710:21
     |
1710 |                     assert forall |pid: PageId| #[trigger] local.page_organization.pages.dom().contains(pid) ==>
     |                     ^^^^^^
     |
     = help: If you didn't mean to assume the antecedent, we're very curious to hear why! To tell us, please open an issue on the Verus issue tracker on github with the title `Don't always make assert forall assume the antecedent`. If no one opens such an issue, we'll soon change the behavior of Verus to always assume the antecedent of the outermost implication

warning: using ==> in `assert forall` does not currently assume the antecedent in the body; consider using `implies` instead of `==>`
    --> commit_segment.rs:1794:17
     |
1794 |                 assert forall |pid: PageId| #[trigger] local.page_organization.pages.dom().contains(pid) ==>
     |                 ^^^^^^
     |
     = help: If you didn't mean to assume the antecedent, we're very curious to hear why! To tell us, please open an issue on the Verus issue tracker on github with the title `Don't always make assert forall assume the antecedent`. If no one opens such an issue, we'll soon change the behavior of Verus to always assume the antecedent of the outermost implication

warning: using ==> in `assert forall` does not currently assume the antecedent in the body; consider using `implies` instead of `==>`
    --> commit_segment.rs:1796:17
     |
1796 |                 assert forall |pid: PageId| #[trigger] local.page_organization.pages.dom().contains(pid) ==>
     |                 ^^^^^^
     |
     = help: If you didn't mean to assume the antecedent, we're very curious to hear why! To tell us, please open an issue on the Verus issue tracker on github with the title `Don't always make assert forall assume the antecedent`. If no one opens such an issue, we'll soon change the behavior of Verus to always assume the antecedent of the outermost implication

warning: using ==> in `assert forall` does not currently assume the antecedent in the body; consider using `implies` instead of `==>`
    --> commit_segment.rs:1798:17
     |
1798 |                 assert forall |pid: PageId| #[trigger] local.page_organization.pages.dom().contains(pid) ==>
     |                 ^^^^^^
     |
     = help: If you didn't mean to assume the antecedent, we're very curious to hear why! To tell us, please open an issue on the Verus issue tracker on github with the title `Don't always make assert forall assume the antecedent`. If no one opens such an issue, we'll soon change the behavior of Verus to always assume the antecedent of the outermost implication

warning: using ==> in `assert forall` does not currently assume the antecedent in the body; consider using `implies` instead of `==>`
    --> commit_segment.rs:1800:17
     |
1800 |                 assert forall |pid: PageId| #[trigger] local.page_organization.pages.dom().contains(pid) ==>
     |                 ^^^^^^
     |
     = help: If you didn't mean to assume the antecedent, we're very curious to hear why! To tell us, please open an issue on the Verus issue tracker on github with the title `Don't always make assert forall assume the antecedent`. If no one opens such an issue, we'll soon change the behavior of Verus to always assume the antecedent of the outermost implication

warning: using ==> in `assert forall` does not currently assume the antecedent in the body; consider using `implies` instead of `==>`
   --> page.rs:866:9
    |
866 |         assert forall |pid: PageId| #[trigger] local.pages.dom().contains(pid) implies
    |         ^^^^^^
    |
    = help: If you didn't mean to assume the antecedent, we're very curious to hear why! To tell us, please open an issue on the Verus issue tracker on github with the title `Don't always make assert forall assume the antecedent`. If no one opens such an issue, we'll soon change the behavior of Verus to always assume the antecedent of the outermost implication

warning: using ==> in `assert forall` does not currently assume the antecedent in the body; consider using `implies` instead of `==>`
   --> page.rs:934:9
    |
934 |         assert forall |pid: PageId| #[trigger] local.pages.dom().contains(pid) implies
    |         ^^^^^^
    |
    = help: If you didn't mean to assume the antecedent, we're very curious to hear why! To tell us, please open an issue on the Verus issue tracker on github with the title `Don't always make assert forall assume the antecedent`. If no one opens such an issue, we'll soon change the behavior of Verus to always assume the antecedent of the outermost implication

warning: using ==> in `assert forall` does not currently assume the antecedent in the body; consider using `implies` instead of `==>`
   --> queues.rs:395:9
    |
395 |         assert forall |pid: PageId| #[trigger] local.pages.dom().contains(pid) implies
    |         ^^^^^^
    |
    = help: If you didn't mean to assume the antecedent, we're very curious to hear why! To tell us, please open an issue on the Verus issue tracker on github with the title `Don't always make assert forall assume the antecedent`. If no one opens such an issue, we'll soon change the behavior of Verus to always assume the antecedent of the outermost implication

warning: using ==> in `assert forall` does not currently assume the antecedent in the body; consider using `implies` instead of `==>`
   --> queues.rs:399:9
    |
399 |         assert forall |pid: PageId| #[trigger] local.pages.dom().contains(pid) implies
    |         ^^^^^^
    |
    = help: If you didn't mean to assume the antecedent, we're very curious to hear why! To tell us, please open an issue on the Verus issue tracker on github with the title `Don't always make assert forall assume the antecedent`. If no one opens such an issue, we'll soon change the behavior of Verus to always assume the antecedent of the outermost implication

warning: using ==> in `assert forall` does not currently assume the antecedent in the body; consider using `implies` instead of `==>`
   --> queues.rs:666:9
    |
666 |         assert forall |pid: PageId| #[trigger] local.pages.dom().contains(pid) implies
    |         ^^^^^^
    |
    = help: If you didn't mean to assume the antecedent, we're very curious to hear why! To tell us, please open an issue on the Verus issue tracker on github with the title `Don't always make assert forall assume the antecedent`. If no one opens such an issue, we'll soon change the behavior of Verus to always assume the antecedent of the outermost implication

warning: using ==> in `assert forall` does not currently assume the antecedent in the body; consider using `implies` instead of `==>`
   --> queues.rs:670:9
    |
670 |         assert forall |pid: PageId| #[trigger] local.pages.dom().contains(pid) implies
    |         ^^^^^^
    |
    = help: If you didn't mean to assume the antecedent, we're very curious to hear why! To tell us, please open an issue on the Verus issue tracker on github with the title `Don't always make assert forall assume the antecedent`. If no one opens such an issue, we'll soon change the behavior of Verus to always assume the antecedent of the outermost implication

warning: using ==> in `assert forall` does not currently assume the antecedent in the body; consider using `implies` instead of `==>`
   --> queues.rs:981:9
    |
981 |         assert forall |pid: PageId| #[trigger] local.pages.dom().contains(pid) implies
    |         ^^^^^^
    |
    = help: If you didn't mean to assume the antecedent, we're very curious to hear why! To tell us, please open an issue on the Verus issue tracker on github with the title `Don't always make assert forall assume the antecedent`. If no one opens such an issue, we'll soon change the behavior of Verus to always assume the antecedent of the outermost implication

warning: using ==> in `assert forall` does not currently assume the antecedent in the body; consider using `implies` instead of `==>`
   --> queues.rs:985:9
    |
985 |         assert forall |pid: PageId| #[trigger] local.pages.dom().contains(pid) implies
    |         ^^^^^^
    |
    = help: If you didn't mean to assume the antecedent, we're very curious to hear why! To tell us, please open an issue on the Verus issue tracker on github with the title `Don't always make assert forall assume the antecedent`. If no one opens such an issue, we'll soon change the behavior of Verus to always assume the antecedent of the outermost implication

note: verifying module page, function lib::page::page_fresh_alloc (selected functions)

error: postcondition not satisfied
   --> page.rs:501:9
    |
501 |         page.page_ptr.addr() != 0 ==> page.is_used_and_primary(*final(local)),
    |         ^^^^^^^^^^^^^^^^^^^^^^^^^^^^^^^^^^^^^^^^^^^^^^^^^^^^^^^^^^^^^^^^^^^^^ failed this postcondition
...
537 |     return page_ptr;
    |     --------------- at this exit

error: postcondition not satisfied
   --> page.rs:502:9
    |
502 |         page.page_ptr.addr() != 0 ==> final(local).block_size(page.page_id@) == block_size as int,
    |         ^^^^^^^^^^^^^^^^^^^^^^^^^^^^^^^^^^^^^^^^^^^^^^^^^^^^^^^^^^^^^^^^^^^^^^^^^^^^^^^^^^^^^^^^^ failed this postcondition
...
537 |     return page_ptr;
    |     --------------- at this exit

error: precondition not satisfied
   --> page.rs:534:5
    |
534 |     page_init(heap_ptr, page_ptr, full_block_size, tld_ptr, Tracked(&mut *local), Ghost(pq as int));
    |     ^^^^^^^^^^^^^^^^^^^^^^^^^^^^^^^^^^^^^^^^^^^^^^^^^^^^^^^^^^^^^^^^^^^^^^^^^^^^^^^^^^^^^^^^^^^^^^^
...
568 |         page_init_reserved(*old(local), page_ptr.page_id@, block_size) <= u16::MAX as int,
    |         --------------------------------------------------------------------------------- failed precondition

error: precondition not satisfied
   --> page.rs:535:5
    |
535 |     page_queue_push(heap_ptr, pq, page_ptr, Tracked(&mut *local));
    |     ^^^^^^^^^^^^^^^^^^^^^^^^^^^^^^^^^^^^^^^^^^^^^^^^^^^^^^^^^^^^^
    |
   ::: queues.rs:417:9
    |
417 |         old(local).wf_main_for_page_access(),
    |         ------------------------------------ failed precondition

verification results:: 0 verified, 1 errors (partial verification with `--verify-*`)
error: aborting due to 4 previous errors; 282 warnings emitted

(use --output-json for machine-readable output)
verus-build-info
Verus
  Version: 0.2026.06.28.1847ab3
  Profile: release
  Platform: linux_x86_64
  Toolchain: 1.96.0-x86_64-unknown-linux-gnu

total-time:           18631 ms
    rust-time:                8405 ms
        init-and-types:           8319 ms
        trait-conflicts:            86 ms
        compile-time:                0 ms
    verification-time:        8741 ms
        vir-time:                 7056 ms
            hir-time:                  902 ms
            import-time:               197 ms
            rust-to-vir:              1530 ms
        verify-crate-time:        1684 ms
    unaccounted-time:         1485 ms

verify-crate-time-breakdown
    total verify-time:            906 ms   (1 threads)
        total air-time:               496 ms   (1 threads)
        total smt-time:               293 ms   (1 threads)
            total smt-init:                21 ms,      760 rlimit (1 threads)
            total smt-run:                272 ms,   478981 rlimit (1 threads)
